[I 2026-09-18 03:50:53.027 ServerApp] Extension package panel.io.jupyter_server_extension took 1.2236s to import
[I 2026-09-18 03:50:53.028 ServerApp] jupyter_lsp | extension was successfully linked.
[I 2026-09-18 03:50:53.029 ServerApp] jupyter_server_terminals | extension was successfully linked.
[I 2026-09-18 03:50:53.031 ServerApp] jupyterlab | extension was successfully linked.
[I 2026-09-18 03:50:53.032 ServerApp] notebook | extension was successfully linked.
[I 2026-09-18 03:50:53.881 ServerApp] notebook_shim | extension was successfully linked.
[I 2026-09-18 03:50:53.881 ServerApp] panel.io.jupyter_server_extension | extension was successfully linked.
[I 2026-09-18 03:50:53.894 ServerApp] notebook_shim | extension was successfully loaded.
[I 2026-09-18 03:50:53.895 ServerApp] jupyter_lsp | extension was successfully loaded.
[I 2026-09-18 03:50:53.896 ServerApp] jupyter_server_terminals | extension was successfully loaded.
[I 2026-09-18 03:50:53.896 LabApp] JupyterLab extension loaded from /home/baris/anaconda3/lib/python3.13/site-packages/jupyterlab
[I 2026-09-18 03:50:53.896 LabApp] JupyterLab application directory is /home/baris/anaconda3/share/jupyter/lab
[I 2026-09-18 03:50:53.897 LabApp] Extension Manager is 'pypi'.
[I 2026-09-18 03:50:53.952 ServerApp] jupyterlab | extension was successfully loaded.
[I 2026-09-18 03:50:53.954 ServerApp] notebook | extension was successfully loaded.
[I 2026-09-18 03:50:53.954 ServerApp] panel.io.jupyter_server_extension | extension was successfully loaded.
[I 2026-09-18 03:50:53.955 ServerApp] Serving notebooks from local directory: /home/baris/database_transformer
[I 2026-09-18 03:50:53.955 ServerApp] Jupyter Server 2.15.0 is running at:
[I 2026-09-18 03:50:53.955 ServerApp] http://localhost:8888/tree
[I 2026-09-18 03:50:53.955 ServerApp]     http://127.0.0.1:8888/tree
[I 2026-09-18 03:50:53.955 ServerApp] Use Control-C to stop this server and shut down all kernels (twice to skip confirmation).
[W 2026-09-18 03:50:53.956 ServerApp] No web browser found: Error('could not locate runnable browser').
[I 2026-09-18 03:50:54.103 ServerApp] Skipped non-installed server(s): bash-language-server, dockerfile-language-server-nodejs, javascript-typescript-langserver, jedi-language-server, julia-language-server, pyright, python-language-server, r-languageserver, sql-language-server, texlab, typescript-language-server, unified-language-server, vscode-css-languageserver-bin, vscode-html-languageserver-bin, vscode-json-languageserver-bin, yaml-language-server
[E 2026-09-18 03:50:55.026 ServerApp] Exception restarting kernel
    Traceback (most recent call last):
      File "/home/baris/anaconda3/lib/python3.13/site-packages/jupyter_server/services/kernels/handlers.py", line 101, in post
        await km.restart_kernel(kernel_id)
      File "/home/baris/anaconda3/lib/python3.13/site-packages/jupyter_server/services/kernels/kernelmanager.py", line 446, in _async_restart_kernel
        self._check_kernel_id(kernel_id)
        ~~~~~~~~~~~~~~~~~~~~~^^^^^^^^^^^
      File "/home/baris/anaconda3/lib/python3.13/site-packages/jupyter_server/services/kernels/kernelmanager.py", line 539, in _check_kernel_id
        raise web.HTTPError(404, "Kernel does not exist: %s" % kernel_id)
    tornado.web.HTTPError: HTTP 404: Not Found (Kernel does not exist: 6bb47609-109f-4a87-8d61-7a6dd76e87c9)
[E 2026-09-18 03:50:55.037 ServerApp] {
      "Host": "localhost:8888",
      "Accept": "*/*",
      "Referer": "http://localhost:8888/notebooks/train.ipynb",
      "User-Agent": "Mozilla/5.0 (X11; Ubuntu; Linux x86_64; rv:155.0) Gecko/20100101 Firefox/155.0"
    }
[E 2026-09-18 03:50:55.037 ServerApp] 500 POST /api/kernels/6bb47609-109f-4a87-8d61-7a6dd76e87c9/restart?1789692654986 (8badea1fd6444391b68819cfcabcbc54@::1) 11.43ms referer=http://localhost:8888/notebooks/train.ipynb
[I 2026-09-18 03:51:01.295 ServerApp] Kernel started: 4330fdf4-81d8-4039-b873-b1b65a85211e
[I 2026-09-18 03:51:02.514 ServerApp] Connecting to kernel 4330fdf4-81d8-4039-b873-b1b65a85211e.
[W 2026-09-18 03:51:02.514 ServerApp] The websocket_ping_timeout (90000) cannot be longer than the websocket_ping_interval (30000).
    Setting websocket_ping_timeout=30000
[I 2026-09-18 03:51:12.087 ServerApp] Connecting to kernel 4330fdf4-81d8-4039-b873-b1b65a85211e.
[I 2026-09-18 03:51:57.189 ServerApp] Saving file at /train.ipynb
[IPKernelApp] ERROR | Exception in message handler:
Traceback (most recent call last):
  File "/home/baris/anaconda3/envs/deeppy/lib/python3.14/site-packages/ipykernel/kernelbase.py", line 471, in dispatch_shell
    await result
  File "/home/baris/anaconda3/envs/deeppy/lib/python3.14/site-packages/ipykernel/ipkernel.py", line 366, in execute_request
    await super().execute_request(stream, ident, parent)
  File "/home/baris/anaconda3/envs/deeppy/lib/python3.14/site-packages/ipykernel/kernelbase.py", line 850, in execute_request
    reply_msg: dict[str, t.Any] = self.session.send(  # type:ignore[assignment]
                                  ~~~~~~~~~~~~~~~~~^^^^^^^^^^^^^^^^^^^^^^^^^^^^
        stream,
        ^^^^^^^
    ...<4 lines>...
        ident=ident,
        ^^^^^^^^^^^^
    )
    ^
  File "/home/baris/anaconda3/envs/deeppy/lib/python3.14/site-packages/jupyter_client/session.py", line 863, in send
    stream.send_multipart(to_send, copy=copy)
    ~~~~~~~~~~~~~~~~~~~~~^^^^^^^^^^^^^^^^^^^^
  File "/home/baris/anaconda3/envs/deeppy/lib/python3.14/site-packages/zmq/sugar/socket.py", line 749, in send_multipart
    self.send(msg, zmq.SNDMORE | flags, copy=copy, track=track)
    ~~~~~~~~~^^^^^^^^^^^^^^^^^^^^^^^^^^^^^^^^^^^^^^^^^^^^^^^^^^
  File "/home/baris/anaconda3/envs/deeppy/lib/python3.14/site-packages/zmq/sugar/socket.py", line 698, in send
    return super().send(data, flags=flags, copy=copy, track=track)
           ~~~~~~~~~~~~^^^^^^^^^^^^^^^^^^^^^^^^^^^^^^^^^^^^^^^^^^^
  File "zmq/backend/cython/_zmq.py", line 1152, in zmq.backend.cython._zmq.Socket.send
    def send(self, data, flags=0, copy: bint = True, track: bint = False):
    ^^^^^^^
  File "zmq/backend/cython/_zmq.py", line 1194, in zmq.backend.cython._zmq.Socket.send
    _check_closed(self)
    ^^^
  File "zmq/backend/cython/_zmq.py", line 1339, in zmq.backend.cython._zmq._check_closed
    raise ZMQError(ENOTSOCK)
    ^^^
zmq.error.ZMQError: Socket operation on non-socket
[I 2026-09-18 03:52:56.975 ServerApp] Kernel restarted: 4330fdf4-81d8-4039-b873-b1b65a85211e
[I 2026-09-18 03:52:57.062 ServerApp] Starting buffering for 4330fdf4-81d8-4039-b873-b1b65a85211e:ec9ffb9f-a790-4ecb-85c7-5ebaa15fdd16
[I 2026-09-18 03:52:57.221 ServerApp] Connecting to kernel 4330fdf4-81d8-4039-b873-b1b65a85211e.
[I 2026-09-18 03:52:57.221 ServerApp] Restoring connection for 4330fdf4-81d8-4039-b873-b1b65a85211e:ec9ffb9f-a790-4ecb-85c7-5ebaa15fdd16
[I 2026-09-18 03:52:57.989 ServerApp] Kernel started: 928fa07e-3f29-4e75-aa49-9e83f98352fc
[I 2026-09-18 03:52:57.990 ServerApp] Kernel shutdown: 4330fdf4-81d8-4039-b873-b1b65a85211e
[I 2026-09-18 03:52:58.561 ServerApp] Connecting to kernel 928fa07e-3f29-4e75-aa49-9e83f98352fc.
[I 2026-09-18 03:52:58.755 ServerApp] Connecting to kernel 928fa07e-3f29-4e75-aa49-9e83f98352fc.
[I 2026-09-18 03:53:33.931 ServerApp] Kernel restarted: 928fa07e-3f29-4e75-aa49-9e83f98352fc
[I 2026-09-18 03:53:34.107 ServerApp] Starting buffering for 928fa07e-3f29-4e75-aa49-9e83f98352fc:ec9ffb9f-a790-4ecb-85c7-5ebaa15fdd16
[I 2026-09-18 03:53:34.266 ServerApp] Connecting to kernel 928fa07e-3f29-4e75-aa49-9e83f98352fc.
[I 2026-09-18 03:53:34.266 ServerApp] Restoring connection for 928fa07e-3f29-4e75-aa49-9e83f98352fc:ec9ffb9f-a790-4ecb-85c7-5ebaa15fdd16
[I 2026-09-18 03:53:34.276 ServerApp] Replaying 2 buffered messages
[IPKernelApp] ERROR | Exception in message handler:
Traceback (most recent call last):
  File "/home/baris/anaconda3/envs/py311/lib/python3.11/site-packages/ipykernel/kernelbase.py", line 471, in dispatch_shell
    await result
  File "/home/baris/anaconda3/envs/py311/lib/python3.11/site-packages/ipykernel/ipkernel.py", line 366, in execute_request
    await super().execute_request(stream, ident, parent)
  File "/home/baris/anaconda3/envs/py311/lib/python3.11/site-packages/ipykernel/kernelbase.py", line 850, in execute_request
    reply_msg: dict[str, t.Any] = self.session.send(  # type:ignore[assignment]
                                  ^^^^^^^^^^^^^^^^^^^^^^^^^^^^^^^^^^^^^^^^^^^^^
  File "/home/baris/anaconda3/envs/py311/lib/python3.11/site-packages/jupyter_client/session.py", line 863, in send
    stream.send_multipart(to_send, copy=copy)
  File "/home/baris/anaconda3/envs/py311/lib/python3.11/site-packages/zmq/sugar/socket.py", line 749, in send_multipart
    self.send(msg, zmq.SNDMORE | flags, copy=copy, track=track)
  File "/home/baris/anaconda3/envs/py311/lib/python3.11/site-packages/zmq/sugar/socket.py", line 698, in send
    return super().send(data, flags=flags, copy=copy, track=track)
           ^^^^^^^^^^^^^^^^^^^^^^^^^^^^^^^^^^^^^^^^^^^^^^^^^^^^^^^
  File "zmq/backend/cython/_zmq.py", line 1152, in zmq.backend.cython._zmq.Socket.send
  File "zmq/backend/cython/_zmq.py", line 1194, in zmq.backend.cython._zmq.Socket.send
  File "zmq/backend/cython/_zmq.py", line 1339, in zmq.backend.cython._zmq._check_closed
zmq.error.ZMQError: Socket operation on non-socket
WARNING:tornado.general:Got events for closed stream <zmq.eventloop.zmqstream.ZMQStream object at 0x7f42d7329390>
[IPKernelApp] ERROR | Exception in message handler:
Traceback (most recent call last):
  File "/home/baris/anaconda3/envs/py311/lib/python3.11/site-packages/ipykernel/kernelbase.py", line 471, in dispatch_shell
    await result
  File "/home/baris/anaconda3/envs/py311/lib/python3.11/site-packages/ipykernel/ipkernel.py", line 366, in execute_request
    await super().execute_request(stream, ident, parent)
  File "/home/baris/anaconda3/envs/py311/lib/python3.11/site-packages/ipykernel/kernelbase.py", line 850, in execute_request
    reply_msg: dict[str, t.Any] = self.session.send(  # type:ignore[assignment]
                                  ^^^^^^^^^^^^^^^^^^^^^^^^^^^^^^^^^^^^^^^^^^^^^
  File "/home/baris/anaconda3/envs/py311/lib/python3.11/site-packages/jupyter_client/session.py", line 863, in send
    stream.send_multipart(to_send, copy=copy)
  File "/home/baris/anaconda3/envs/py311/lib/python3.11/site-packages/zmq/sugar/socket.py", line 749, in send_multipart
    self.send(msg, zmq.SNDMORE | flags, copy=copy, track=track)
  File "/home/baris/anaconda3/envs/py311/lib/python3.11/site-packages/zmq/sugar/socket.py", line 698, in send
    return super().send(data, flags=flags, copy=copy, track=track)
           ^^^^^^^^^^^^^^^^^^^^^^^^^^^^^^^^^^^^^^^^^^^^^^^^^^^^^^^
  File "zmq/backend/cython/_zmq.py", line 1152, in zmq.backend.cython._zmq.Socket.send
  File "zmq/backend/cython/_zmq.py", line 1194, in zmq.backend.cython._zmq.Socket.send
  File "zmq/backend/cython/_zmq.py", line 1339, in zmq.backend.cython._zmq._check_closed
zmq.error.ZMQError: Socket operation on non-socket
[I 2026-09-18 03:53:53.643 ServerApp] Kernel restarted: 928fa07e-3f29-4e75-aa49-9e83f98352fc
[I 2026-09-18 03:53:53.720 ServerApp] Starting buffering for 928fa07e-3f29-4e75-aa49-9e83f98352fc:ec9ffb9f-a790-4ecb-85c7-5ebaa15fdd16
[I 2026-09-18 03:53:53.880 ServerApp] Connecting to kernel 928fa07e-3f29-4e75-aa49-9e83f98352fc.
[I 2026-09-18 03:53:53.880 ServerApp] Restoring connection for 928fa07e-3f29-4e75-aa49-9e83f98352fc:ec9ffb9f-a790-4ecb-85c7-5ebaa15fdd16
[I 2026-09-18 03:53:53.890 ServerApp] Replaying 1 buffered messages
[I 2026-09-18 03:53:58.067 ServerApp] Saving file at /train.ipynb
[I 2026-09-18 03:55:58.722 ServerApp] Saving file at /train.ipynb
[I 2026-09-18 03:56:35.714 ServerApp] Kernel restarted: 928fa07e-3f29-4e75-aa49-9e83f98352fc
[I 2026-09-18 03:56:35.789 ServerApp] Starting buffering for 928fa07e-3f29-4e75-aa49-9e83f98352fc:ec9ffb9f-a790-4ecb-85c7-5ebaa15fdd16
[I 2026-09-18 03:56:35.949 ServerApp] Connecting to kernel 928fa07e-3f29-4e75-aa49-9e83f98352fc.
[I 2026-09-18 03:56:35.949 ServerApp] Restoring connection for 928fa07e-3f29-4e75-aa49-9e83f98352fc:ec9ffb9f-a790-4ecb-85c7-5ebaa15fdd16
[I 2026-09-18 03:56:35.959 ServerApp] Replaying 1 buffered messages
[I 2026-09-18 03:58:34.439 ServerApp] Kernel restarted: 928fa07e-3f29-4e75-aa49-9e83f98352fc
[I 2026-09-18 03:58:34.515 ServerApp] Starting buffering for 928fa07e-3f29-4e75-aa49-9e83f98352fc:ec9ffb9f-a790-4ecb-85c7-5ebaa15fdd16
[I 2026-09-18 03:58:34.729 ServerApp] Connecting to kernel 928fa07e-3f29-4e75-aa49-9e83f98352fc.
[I 2026-09-18 03:58:34.729 ServerApp] Restoring connection for 928fa07e-3f29-4e75-aa49-9e83f98352fc:ec9ffb9f-a790-4ecb-85c7-5ebaa15fdd16
[I 2026-09-18 03:59:59.545 ServerApp] Saving file at /train.ipynb
[I 2026-09-18 04:00:15.478 ServerApp] Kernel restarted: 928fa07e-3f29-4e75-aa49-9e83f98352fc
[I 2026-09-18 04:00:15.600 ServerApp] Starting buffering for 928fa07e-3f29-4e75-aa49-9e83f98352fc:ec9ffb9f-a790-4ecb-85c7-5ebaa15fdd16
[I 2026-09-18 04:00:15.713 ServerApp] Connecting to kernel 928fa07e-3f29-4e75-aa49-9e83f98352fc.
[I 2026-09-18 04:00:15.713 ServerApp] Restoring connection for 928fa07e-3f29-4e75-aa49-9e83f98352fc:ec9ffb9f-a790-4ecb-85c7-5ebaa15fdd16
[I 2026-09-18 04:00:52.126 ServerApp] Starting buffering for 928fa07e-3f29-4e75-aa49-9e83f98352fc:ec9ffb9f-a790-4ecb-85c7-5ebaa15fdd16
[I 2026-09-18 04:03:11.868 ServerApp] Connecting to kernel 928fa07e-3f29-4e75-aa49-9e83f98352fc.
[I 2026-09-18 04:03:11.868 ServerApp] Restoring connection for 928fa07e-3f29-4e75-aa49-9e83f98352fc:ec9ffb9f-a790-4ecb-85c7-5ebaa15fdd16
[I 2026-09-18 04:03:11.871 ServerApp] Replaying 37 buffered messages
[I 2026-09-18 04:03:18.384 ServerApp] Kernel restarted: 928fa07e-3f29-4e75-aa49-9e83f98352fc
[I 2026-09-18 04:03:18.459 ServerApp] Starting buffering for 928fa07e-3f29-4e75-aa49-9e83f98352fc:ec9ffb9f-a790-4ecb-85c7-5ebaa15fdd16
[I 2026-09-18 04:03:18.619 ServerApp] Connecting to kernel 928fa07e-3f29-4e75-aa49-9e83f98352fc.
[I 2026-09-18 04:03:18.619 ServerApp] Restoring connection for 928fa07e-3f29-4e75-aa49-9e83f98352fc:ec9ffb9f-a790-4ecb-85c7-5ebaa15fdd16
[I 2026-09-18 04:03:18.621 ServerApp] Replaying 1 buffered messages
[IPKernelApp] ERROR | Exception in message handler:
Traceback (most recent call last):
  File "/home/baris/anaconda3/envs/py311/lib/python3.11/site-packages/ipykernel/kernelbase.py", line 471, in dispatch_shell
    await result
  File "/home/baris/anaconda3/envs/py311/lib/python3.11/site-packages/ipykernel/ipkernel.py", line 366, in execute_request
    await super().execute_request(stream, ident, parent)
  File "/home/baris/anaconda3/envs/py311/lib/python3.11/site-packages/ipykernel/kernelbase.py", line 850, in execute_request
    reply_msg: dict[str, t.Any] = self.session.send(  # type:ignore[assignment]
                                  ^^^^^^^^^^^^^^^^^^^^^^^^^^^^^^^^^^^^^^^^^^^^^
  File "/home/baris/anaconda3/envs/py311/lib/python3.11/site-packages/jupyter_client/session.py", line 863, in send
    stream.send_multipart(to_send, copy=copy)
  File "/home/baris/anaconda3/envs/py311/lib/python3.11/site-packages/zmq/sugar/socket.py", line 749, in send_multipart
    self.send(msg, zmq.SNDMORE | flags, copy=copy, track=track)
  File "/home/baris/anaconda3/envs/py311/lib/python3.11/site-packages/zmq/sugar/socket.py", line 698, in send
    return super().send(data, flags=flags, copy=copy, track=track)
           ^^^^^^^^^^^^^^^^^^^^^^^^^^^^^^^^^^^^^^^^^^^^^^^^^^^^^^^
  File "zmq/backend/cython/_zmq.py", line 1152, in zmq.backend.cython._zmq.Socket.send
  File "zmq/backend/cython/_zmq.py", line 1194, in zmq.backend.cython._zmq.Socket.send
  File "zmq/backend/cython/_zmq.py", line 1339, in zmq.backend.cython._zmq._check_closed
zmq.error.ZMQError: Socket operation on non-socket
WARNING:tornado.general:Got events for closed stream <zmq.eventloop.zmqstream.ZMQStream object at 0x7fa8eda2d390>
[IPKernelApp] ERROR | Exception in message handler:
Traceback (most recent call last):
  File "/home/baris/anaconda3/envs/py311/lib/python3.11/site-packages/ipykernel/kernelbase.py", line 471, in dispatch_shell
    await result
  File "/home/baris/anaconda3/envs/py311/lib/python3.11/site-packages/ipykernel/ipkernel.py", line 366, in execute_request
    await super().execute_request(stream, ident, parent)
  File "/home/baris/anaconda3/envs/py311/lib/python3.11/site-packages/ipykernel/kernelbase.py", line 850, in execute_request
    reply_msg: dict[str, t.Any] = self.session.send(  # type:ignore[assignment]
                                  ^^^^^^^^^^^^^^^^^^^^^^^^^^^^^^^^^^^^^^^^^^^^^
  File "/home/baris/anaconda3/envs/py311/lib/python3.11/site-packages/jupyter_client/session.py", line 863, in send
    stream.send_multipart(to_send, copy=copy)
  File "/home/baris/anaconda3/envs/py311/lib/python3.11/site-packages/zmq/sugar/socket.py", line 749, in send_multipart
    self.send(msg, zmq.SNDMORE | flags, copy=copy, track=track)
  File "/home/baris/anaconda3/envs/py311/lib/python3.11/site-packages/zmq/sugar/socket.py", line 698, in send
    return super().send(data, flags=flags, copy=copy, track=track)
           ^^^^^^^^^^^^^^^^^^^^^^^^^^^^^^^^^^^^^^^^^^^^^^^^^^^^^^^
  File "zmq/backend/cython/_zmq.py", line 1152, in zmq.backend.cython._zmq.Socket.send
  File "zmq/backend/cython/_zmq.py", line 1194, in zmq.backend.cython._zmq.Socket.send
  File "zmq/backend/cython/_zmq.py", line 1339, in zmq.backend.cython._zmq._check_closed
zmq.error.ZMQError: Socket operation on non-socket
[I 2026-09-18 04:03:40.021 ServerApp] Kernel restarted: 928fa07e-3f29-4e75-aa49-9e83f98352fc
[I 2026-09-18 04:03:40.125 ServerApp] Starting buffering for 928fa07e-3f29-4e75-aa49-9e83f98352fc:ec9ffb9f-a790-4ecb-85c7-5ebaa15fdd16
[I 2026-09-18 04:03:40.231 ServerApp] Connecting to kernel 928fa07e-3f29-4e75-aa49-9e83f98352fc.
[I 2026-09-18 04:03:40.232 ServerApp] Restoring connection for 928fa07e-3f29-4e75-aa49-9e83f98352fc:ec9ffb9f-a790-4ecb-85c7-5ebaa15fdd16
[I 2026-09-18 04:04:00.916 ServerApp] Saving file at /train.ipynb
[IPKernelApp] ERROR | Exception in message handler:
Traceback (most recent call last):
  File "/home/baris/anaconda3/envs/py311/lib/python3.11/site-packages/ipykernel/kernelbase.py", line 471, in dispatch_shell
    await result
  File "/home/baris/anaconda3/envs/py311/lib/python3.11/site-packages/ipykernel/ipkernel.py", line 366, in execute_request
    await super().execute_request(stream, ident, parent)
  File "/home/baris/anaconda3/envs/py311/lib/python3.11/site-packages/ipykernel/kernelbase.py", line 850, in execute_request
    reply_msg: dict[str, t.Any] = self.session.send(  # type:ignore[assignment]
                                  ^^^^^^^^^^^^^^^^^^^^^^^^^^^^^^^^^^^^^^^^^^^^^
  File "/home/baris/anaconda3/envs/py311/lib/python3.11/site-packages/jupyter_client/session.py", line 863, in send
    stream.send_multipart(to_send, copy=copy)
  File "/home/baris/anaconda3/envs/py311/lib/python3.11/site-packages/zmq/sugar/socket.py", line 749, in send_multipart
    self.send(msg, zmq.SNDMORE | flags, copy=copy, track=track)
  File "/home/baris/anaconda3/envs/py311/lib/python3.11/site-packages/zmq/sugar/socket.py", line 698, in send
    return super().send(data, flags=flags, copy=copy, track=track)
           ^^^^^^^^^^^^^^^^^^^^^^^^^^^^^^^^^^^^^^^^^^^^^^^^^^^^^^^
  File "zmq/backend/cython/_zmq.py", line 1152, in zmq.backend.cython._zmq.Socket.send
  File "zmq/backend/cython/_zmq.py", line 1194, in zmq.backend.cython._zmq.Socket.send
  File "zmq/backend/cython/_zmq.py", line 1339, in zmq.backend.cython._zmq._check_closed
zmq.error.ZMQError: Socket operation on non-socket
[I 2026-09-18 04:04:52.892 ServerApp] Kernel restarted: 928fa07e-3f29-4e75-aa49-9e83f98352fc
[I 2026-09-18 04:04:52.985 ServerApp] Starting buffering for 928fa07e-3f29-4e75-aa49-9e83f98352fc:ec9ffb9f-a790-4ecb-85c7-5ebaa15fdd16
[I 2026-09-18 04:04:53.144 ServerApp] Connecting to kernel 928fa07e-3f29-4e75-aa49-9e83f98352fc.
[I 2026-09-18 04:04:53.144 ServerApp] Restoring connection for 928fa07e-3f29-4e75-aa49-9e83f98352fc:ec9ffb9f-a790-4ecb-85c7-5ebaa15fdd16
[I 2026-09-18 04:05:43.254 ServerApp] Saving file at /train.ipynb
[I 2026-09-18 04:06:02.239 ServerApp] Kernel restarted: 928fa07e-3f29-4e75-aa49-9e83f98352fc
[I 2026-09-18 04:06:02.371 ServerApp] Starting buffering for 928fa07e-3f29-4e75-aa49-9e83f98352fc:ec9ffb9f-a790-4ecb-85c7-5ebaa15fdd16
[I 2026-09-18 04:06:02.541 ServerApp] Connecting to kernel 928fa07e-3f29-4e75-aa49-9e83f98352fc.
[I 2026-09-18 04:06:02.541 ServerApp] Restoring connection for 928fa07e-3f29-4e75-aa49-9e83f98352fc:ec9ffb9f-a790-4ecb-85c7-5ebaa15fdd16
[I 2026-09-18 04:07:05.799 ServerApp] Kernel restarted: 928fa07e-3f29-4e75-aa49-9e83f98352fc
[I 2026-09-18 04:07:05.876 ServerApp] Starting buffering for 928fa07e-3f29-4e75-aa49-9e83f98352fc:ec9ffb9f-a790-4ecb-85c7-5ebaa15fdd16
[I 2026-09-18 04:07:06.035 ServerApp] Connecting to kernel 928fa07e-3f29-4e75-aa49-9e83f98352fc.
[I 2026-09-18 04:07:06.035 ServerApp] Restoring connection for 928fa07e-3f29-4e75-aa49-9e83f98352fc:ec9ffb9f-a790-4ecb-85c7-5ebaa15fdd16
[IPKernelApp] ERROR | Exception in message handler:
Traceback (most recent call last):
  File "/home/baris/anaconda3/envs/py311/lib/python3.11/site-packages/ipykernel/kernelbase.py", line 471, in dispatch_shell
    await result
  File "/home/baris/anaconda3/envs/py311/lib/python3.11/site-packages/ipykernel/ipkernel.py", line 366, in execute_request
    await super().execute_request(stream, ident, parent)
  File "/home/baris/anaconda3/envs/py311/lib/python3.11/site-packages/ipykernel/kernelbase.py", line 850, in execute_request
    reply_msg: dict[str, t.Any] = self.session.send(  # type:ignore[assignment]
                                  ^^^^^^^^^^^^^^^^^^^^^^^^^^^^^^^^^^^^^^^^^^^^^
  File "/home/baris/anaconda3/envs/py311/lib/python3.11/site-packages/jupyter_client/session.py", line 863, in send
    stream.send_multipart(to_send, copy=copy)
  File "/home/baris/anaconda3/envs/py311/lib/python3.11/site-packages/zmq/sugar/socket.py", line 749, in send_multipart
    self.send(msg, zmq.SNDMORE | flags, copy=copy, track=track)
  File "/home/baris/anaconda3/envs/py311/lib/python3.11/site-packages/zmq/sugar/socket.py", line 698, in send
    return super().send(data, flags=flags, copy=copy, track=track)
           ^^^^^^^^^^^^^^^^^^^^^^^^^^^^^^^^^^^^^^^^^^^^^^^^^^^^^^^
  File "zmq/backend/cython/_zmq.py", line 1152, in zmq.backend.cython._zmq.Socket.send
  File "zmq/backend/cython/_zmq.py", line 1194, in zmq.backend.cython._zmq.Socket.send
  File "zmq/backend/cython/_zmq.py", line 1339, in zmq.backend.cython._zmq._check_closed
zmq.error.ZMQError: Socket operation on non-socket
[IPKernelApp] ERROR | Exception in message handler:
Traceback (most recent call last):
  File "/home/baris/anaconda3/envs/py311/lib/python3.11/site-packages/ipykernel/kernelbase.py", line 471, in dispatch_shell
    await result
  File "/home/baris/anaconda3/envs/py311/lib/python3.11/site-packages/ipykernel/kernelbase.py", line 1030, in comm_info_request
    msg = self.session.send(stream, "comm_info_reply", reply_content, parent, ident)
          ^^^^^^^^^^^^^^^^^^^^^^^^^^^^^^^^^^^^^^^^^^^^^^^^^^^^^^^^^^^^^^^^^^^^^^^^^^
  File "/home/baris/anaconda3/envs/py311/lib/python3.11/site-packages/jupyter_client/session.py", line 863, in send
    stream.send_multipart(to_send, copy=copy)
  File "/home/baris/anaconda3/envs/py311/lib/python3.11/site-packages/zmq/sugar/socket.py", line 749, in send_multipart
    self.send(msg, zmq.SNDMORE | flags, copy=copy, track=track)
  File "/home/baris/anaconda3/envs/py311/lib/python3.11/site-packages/zmq/sugar/socket.py", line 698, in send
    return super().send(data, flags=flags, copy=copy, track=track)
           ^^^^^^^^^^^^^^^^^^^^^^^^^^^^^^^^^^^^^^^^^^^^^^^^^^^^^^^
  File "zmq/backend/cython/_zmq.py", line 1152, in zmq.backend.cython._zmq.Socket.send
  File "zmq/backend/cython/_zmq.py", line 1194, in zmq.backend.cython._zmq.Socket.send
  File "zmq/backend/cython/_zmq.py", line 1339, in zmq.backend.cython._zmq._check_closed
zmq.error.ZMQError: Socket operation on non-socket
[I 2026-09-18 04:07:34.448 ServerApp] Kernel restarted: 928fa07e-3f29-4e75-aa49-9e83f98352fc
[I 2026-09-18 04:07:34.947 ServerApp] Starting buffering for 928fa07e-3f29-4e75-aa49-9e83f98352fc:ec9ffb9f-a790-4ecb-85c7-5ebaa15fdd16
[I 2026-09-18 04:07:35.053 ServerApp] Connecting to kernel 928fa07e-3f29-4e75-aa49-9e83f98352fc.
[I 2026-09-18 04:07:35.053 ServerApp] Restoring connection for 928fa07e-3f29-4e75-aa49-9e83f98352fc:ec9ffb9f-a790-4ecb-85c7-5ebaa15fdd16
[I 2026-09-18 04:07:44.128 ServerApp] Saving file at /train.ipynb
[I 2026-09-18 04:09:45.687 ServerApp] Saving file at /train.ipynb
[I 2026-09-18 04:11:46.822 ServerApp] Saving file at /train.ipynb
[W 2026-09-18 04:11:46.839 ServerApp] /home/baris/database_transformer/.~train.ipynb doesn't exist
[I 2026-09-18 04:13:47.722 ServerApp] Saving file at /train.ipynb
[I 2026-09-18 04:18:40.578 ServerApp] Kernel restarted: 928fa07e-3f29-4e75-aa49-9e83f98352fc
[I 2026-09-18 04:18:40.659 ServerApp] Starting buffering for 928fa07e-3f29-4e75-aa49-9e83f98352fc:ec9ffb9f-a790-4ecb-85c7-5ebaa15fdd16
[I 2026-09-18 04:18:40.818 ServerApp] Connecting to kernel 928fa07e-3f29-4e75-aa49-9e83f98352fc.
[I 2026-09-18 04:18:40.818 ServerApp] Restoring connection for 928fa07e-3f29-4e75-aa49-9e83f98352fc:ec9ffb9f-a790-4ecb-85c7-5ebaa15fdd16
[W 2026-09-18 04:19:00.809 ServerApp] IOPub data rate exceeded.
    The Jupyter server will temporarily stop sending output
    to the client in order to avoid crashing it.
    To change this limit, set the config variable
    `--ServerApp.iopub_data_rate_limit`.
    
    Current values:
    ServerApp.iopub_data_rate_limit=1000000.0 (bytes/sec)
    ServerApp.rate_limit_window=3.0 (secs)
    
[I 2026-09-18 04:19:49.648 ServerApp] Kernel restarted: 928fa07e-3f29-4e75-aa49-9e83f98352fc
[I 2026-09-18 04:19:50.183 ServerApp] Starting buffering for 928fa07e-3f29-4e75-aa49-9e83f98352fc:ec9ffb9f-a790-4ecb-85c7-5ebaa15fdd16
[I 2026-09-18 04:19:50.185 ServerApp] Saving file at /train.ipynb
[I 2026-09-18 04:19:50.285 ServerApp] Connecting to kernel 928fa07e-3f29-4e75-aa49-9e83f98352fc.
[I 2026-09-18 04:19:50.285 ServerApp] Restoring connection for 928fa07e-3f29-4e75-aa49-9e83f98352fc:ec9ffb9f-a790-4ecb-85c7-5ebaa15fdd16
[I 2026-09-18 04:20:24.858 ServerApp] Kernel restarted: 928fa07e-3f29-4e75-aa49-9e83f98352fc
[I 2026-09-18 04:20:24.981 ServerApp] Starting buffering for 928fa07e-3f29-4e75-aa49-9e83f98352fc:ec9ffb9f-a790-4ecb-85c7-5ebaa15fdd16
[I 2026-09-18 04:20:25.145 ServerApp] Connecting to kernel 928fa07e-3f29-4e75-aa49-9e83f98352fc.
[I 2026-09-18 04:20:25.145 ServerApp] Restoring connection for 928fa07e-3f29-4e75-aa49-9e83f98352fc:ec9ffb9f-a790-4ecb-85c7-5ebaa15fdd16
[I 2026-09-18 04:21:18.754 ServerApp] Kernel restarted: 928fa07e-3f29-4e75-aa49-9e83f98352fc
[I 2026-09-18 04:21:18.872 ServerApp] Starting buffering for 928fa07e-3f29-4e75-aa49-9e83f98352fc:ec9ffb9f-a790-4ecb-85c7-5ebaa15fdd16
[I 2026-09-18 04:21:19.032 ServerApp] Connecting to kernel 928fa07e-3f29-4e75-aa49-9e83f98352fc.
[I 2026-09-18 04:21:19.032 ServerApp] Restoring connection for 928fa07e-3f29-4e75-aa49-9e83f98352fc:ec9ffb9f-a790-4ecb-85c7-5ebaa15fdd16
[I 2026-09-18 04:21:50.846 ServerApp] Saving file at /train.ipynb
[I 2026-09-18 04:25:51.766 ServerApp] Saving file at /train.ipynb
[I 2026-09-18 04:27:48.565 ServerApp] Kernel restarted: 928fa07e-3f29-4e75-aa49-9e83f98352fc
[I 2026-09-18 04:27:48.645 ServerApp] Starting buffering for 928fa07e-3f29-4e75-aa49-9e83f98352fc:ec9ffb9f-a790-4ecb-85c7-5ebaa15fdd16
[I 2026-09-18 04:27:48.797 ServerApp] Connecting to kernel 928fa07e-3f29-4e75-aa49-9e83f98352fc.
[I 2026-09-18 04:27:48.797 ServerApp] Restoring connection for 928fa07e-3f29-4e75-aa49-9e83f98352fc:ec9ffb9f-a790-4ecb-85c7-5ebaa15fdd16
[I 2026-09-18 04:27:52.309 ServerApp] Saving file at /train.ipynb
[I 2026-09-18 04:29:52.897 ServerApp] Saving file at /train.ipynb
[I 2026-09-18 04:31:26.009 ServerApp] Kernel restarted: 928fa07e-3f29-4e75-aa49-9e83f98352fc
[I 2026-09-18 04:31:26.123 ServerApp] Starting buffering for 928fa07e-3f29-4e75-aa49-9e83f98352fc:ec9ffb9f-a790-4ecb-85c7-5ebaa15fdd16
[I 2026-09-18 04:31:26.287 ServerApp] Connecting to kernel 928fa07e-3f29-4e75-aa49-9e83f98352fc.
[I 2026-09-18 04:31:26.287 ServerApp] Restoring connection for 928fa07e-3f29-4e75-aa49-9e83f98352fc:ec9ffb9f-a790-4ecb-85c7-5ebaa15fdd16
[I 2026-09-18 04:31:26.293 ServerApp] Replaying 3 buffered messages
[I 2026-09-18 04:31:53.470 ServerApp] Saving file at /train.ipynb
[I 2026-09-18 04:33:33.724 ServerApp] Kernel restarted: 928fa07e-3f29-4e75-aa49-9e83f98352fc
[I 2026-09-18 04:33:34.006 ServerApp] Starting buffering for 928fa07e-3f29-4e75-aa49-9e83f98352fc:ec9ffb9f-a790-4ecb-85c7-5ebaa15fdd16
[I 2026-09-18 04:33:34.112 ServerApp] Connecting to kernel 928fa07e-3f29-4e75-aa49-9e83f98352fc.
[I 2026-09-18 04:33:34.112 ServerApp] Restoring connection for 928fa07e-3f29-4e75-aa49-9e83f98352fc:ec9ffb9f-a790-4ecb-85c7-5ebaa15fdd16
[I 2026-09-18 04:33:34.125 ServerApp] Replaying 2 buffered messages
[I 2026-09-18 04:33:54.023 ServerApp] Saving file at /train.ipynb
[I 2026-09-18 04:34:41.725 ServerApp] Kernel restarted: 928fa07e-3f29-4e75-aa49-9e83f98352fc
[I 2026-09-18 04:34:41.802 ServerApp] Starting buffering for 928fa07e-3f29-4e75-aa49-9e83f98352fc:ec9ffb9f-a790-4ecb-85c7-5ebaa15fdd16
[I 2026-09-18 04:34:41.961 ServerApp] Connecting to kernel 928fa07e-3f29-4e75-aa49-9e83f98352fc.
[I 2026-09-18 04:34:41.962 ServerApp] Restoring connection for 928fa07e-3f29-4e75-aa49-9e83f98352fc:ec9ffb9f-a790-4ecb-85c7-5ebaa15fdd16
[I 2026-09-18 04:34:43.545 ServerApp] Kernel restarted: 928fa07e-3f29-4e75-aa49-9e83f98352fc
[I 2026-09-18 04:34:43.628 ServerApp] Starting buffering for 928fa07e-3f29-4e75-aa49-9e83f98352fc:ec9ffb9f-a790-4ecb-85c7-5ebaa15fdd16
[I 2026-09-18 04:34:43.789 ServerApp] Connecting to kernel 928fa07e-3f29-4e75-aa49-9e83f98352fc.
[I 2026-09-18 04:34:43.789 ServerApp] Restoring connection for 928fa07e-3f29-4e75-aa49-9e83f98352fc:ec9ffb9f-a790-4ecb-85c7-5ebaa15fdd16
[I 2026-09-18 04:34:43.789 ServerApp] Replaying 3 buffered messages
[I 2026-09-18 04:35:54.848 ServerApp] Saving file at /train.ipynb
[I 2026-09-18 04:37:55.699 ServerApp] Saving file at /train.ipynb
[I 2026-09-18 04:39:05.968 ServerApp] Kernel restarted: 928fa07e-3f29-4e75-aa49-9e83f98352fc
[I 2026-09-18 04:39:06.044 ServerApp] Starting buffering for 928fa07e-3f29-4e75-aa49-9e83f98352fc:ec9ffb9f-a790-4ecb-85c7-5ebaa15fdd16
[I 2026-09-18 04:39:06.204 ServerApp] Connecting to kernel 928fa07e-3f29-4e75-aa49-9e83f98352fc.
[I 2026-09-18 04:39:06.204 ServerApp] Restoring connection for 928fa07e-3f29-4e75-aa49-9e83f98352fc:ec9ffb9f-a790-4ecb-85c7-5ebaa15fdd16
[I 2026-09-18 04:39:06.205 ServerApp] Replaying 3 buffered messages
[I 2026-09-18 04:39:56.266 ServerApp] Saving file at /train.ipynb
[I 2026-09-18 04:41:57.174 ServerApp] Saving file at /train.ipynb
[I 2026-09-18 04:43:58.075 ServerApp] Saving file at /train.ipynb
[I 2026-09-18 04:45:36.895 ServerApp] Kernel restarted: 928fa07e-3f29-4e75-aa49-9e83f98352fc
[I 2026-09-18 04:45:36.976 ServerApp] Starting buffering for 928fa07e-3f29-4e75-aa49-9e83f98352fc:ec9ffb9f-a790-4ecb-85c7-5ebaa15fdd16
[I 2026-09-18 04:45:37.136 ServerApp] Connecting to kernel 928fa07e-3f29-4e75-aa49-9e83f98352fc.
[I 2026-09-18 04:45:37.136 ServerApp] Restoring connection for 928fa07e-3f29-4e75-aa49-9e83f98352fc:ec9ffb9f-a790-4ecb-85c7-5ebaa15fdd16
[I 2026-09-18 04:45:58.970 ServerApp] Saving file at /train.ipynb
[I 2026-09-18 04:47:59.725 ServerApp] Saving file at /train.ipynb
[I 2026-09-18 04:48:05.574 ServerApp] Kernel restarted: 928fa07e-3f29-4e75-aa49-9e83f98352fc
[I 2026-09-18 04:48:05.650 ServerApp] Starting buffering for 928fa07e-3f29-4e75-aa49-9e83f98352fc:ec9ffb9f-a790-4ecb-85c7-5ebaa15fdd16
[I 2026-09-18 04:48:05.809 ServerApp] Connecting to kernel 928fa07e-3f29-4e75-aa49-9e83f98352fc.
[I 2026-09-18 04:48:05.810 ServerApp] Restoring connection for 928fa07e-3f29-4e75-aa49-9e83f98352fc:ec9ffb9f-a790-4ecb-85c7-5ebaa15fdd16
[I 2026-09-18 04:48:05.812 ServerApp] Replaying 1 buffered messages
[I 2026-09-18 04:48:46.958 ServerApp] Kernel restarted: 928fa07e-3f29-4e75-aa49-9e83f98352fc
[I 2026-09-18 04:48:47.039 ServerApp] Starting buffering for 928fa07e-3f29-4e75-aa49-9e83f98352fc:ec9ffb9f-a790-4ecb-85c7-5ebaa15fdd16
[I 2026-09-18 04:48:47.197 ServerApp] Connecting to kernel 928fa07e-3f29-4e75-aa49-9e83f98352fc.
[I 2026-09-18 04:48:47.197 ServerApp] Restoring connection for 928fa07e-3f29-4e75-aa49-9e83f98352fc:ec9ffb9f-a790-4ecb-85c7-5ebaa15fdd16
[I 2026-09-18 04:50:00.491 ServerApp] Saving file at /train.ipynb
[I 2026-09-18 04:51:35.849 ServerApp] Kernel restarted: 928fa07e-3f29-4e75-aa49-9e83f98352fc
[I 2026-09-18 04:51:35.969 ServerApp] Starting buffering for 928fa07e-3f29-4e75-aa49-9e83f98352fc:ec9ffb9f-a790-4ecb-85c7-5ebaa15fdd16
[I 2026-09-18 04:51:36.127 ServerApp] Connecting to kernel 928fa07e-3f29-4e75-aa49-9e83f98352fc.
[I 2026-09-18 04:51:36.127 ServerApp] Restoring connection for 928fa07e-3f29-4e75-aa49-9e83f98352fc:ec9ffb9f-a790-4ecb-85c7-5ebaa15fdd16
[I 2026-09-18 04:52:01.375 ServerApp] Saving file at /train.ipynb
[I 2026-09-18 04:52:18.001 ServerApp] Saving file at /train.ipynb
[I 2026-09-18 04:52:19.256 ServerApp] Connecting to kernel 928fa07e-3f29-4e75-aa49-9e83f98352fc.
[I 2026-09-18 04:52:22.159 ServerApp] Connecting to kernel 928fa07e-3f29-4e75-aa49-9e83f98352fc.
[I 2026-09-18 04:52:23.015 ServerApp] Connecting to kernel 928fa07e-3f29-4e75-aa49-9e83f98352fc.
[I 2026-09-18 04:53:42.772 ServerApp] Kernel restarted: 928fa07e-3f29-4e75-aa49-9e83f98352fc
[I 2026-09-18 04:53:43.050 ServerApp] Connecting to kernel 928fa07e-3f29-4e75-aa49-9e83f98352fc.
[I 2026-09-18 04:54:03.358 ServerApp] Saving file at /train.ipynb
[I 2026-09-18 04:56:04.043 ServerApp] Saving file at /train.ipynb
[I 2026-09-18 04:57:22.705 ServerApp] Kernel restarted: 928fa07e-3f29-4e75-aa49-9e83f98352fc
[I 2026-09-18 04:57:22.910 ServerApp] Starting buffering for 928fa07e-3f29-4e75-aa49-9e83f98352fc:ec9ffb9f-a790-4ecb-85c7-5ebaa15fdd16
[I 2026-09-18 04:57:23.069 ServerApp] Connecting to kernel 928fa07e-3f29-4e75-aa49-9e83f98352fc.
[I 2026-09-18 04:57:23.069 ServerApp] Restoring connection for 928fa07e-3f29-4e75-aa49-9e83f98352fc:ec9ffb9f-a790-4ecb-85c7-5ebaa15fdd16
[I 2026-09-18 04:57:23.079 ServerApp] Replaying 2 buffered messages
[I 2026-09-18 04:57:46.940 ServerApp] Kernel restarted: 928fa07e-3f29-4e75-aa49-9e83f98352fc
[I 2026-09-18 04:57:47.017 ServerApp] Starting buffering for 928fa07e-3f29-4e75-aa49-9e83f98352fc:ec9ffb9f-a790-4ecb-85c7-5ebaa15fdd16
[I 2026-09-18 04:57:47.176 ServerApp] Connecting to kernel 928fa07e-3f29-4e75-aa49-9e83f98352fc.
[I 2026-09-18 04:57:47.176 ServerApp] Restoring connection for 928fa07e-3f29-4e75-aa49-9e83f98352fc:ec9ffb9f-a790-4ecb-85c7-5ebaa15fdd16
[I 2026-09-18 04:58:04.634 ServerApp] Saving file at /train.ipynb
[IPKernelApp] ERROR | Exception in message handler:
Traceback (most recent call last):
  File "/home/baris/anaconda3/envs/py311/lib/python3.11/site-packages/ipykernel/kernelbase.py", line 471, in dispatch_shell
    await result
  File "/home/baris/anaconda3/envs/py311/lib/python3.11/site-packages/ipykernel/ipkernel.py", line 366, in execute_request
    await super().execute_request(stream, ident, parent)
  File "/home/baris/anaconda3/envs/py311/lib/python3.11/site-packages/ipykernel/kernelbase.py", line 850, in execute_request
    reply_msg: dict[str, t.Any] = self.session.send(  # type:ignore[assignment]
                                  ^^^^^^^^^^^^^^^^^^^^^^^^^^^^^^^^^^^^^^^^^^^^^
  File "/home/baris/anaconda3/envs/py311/lib/python3.11/site-packages/jupyter_client/session.py", line 863, in send
    stream.send_multipart(to_send, copy=copy)
  File "/home/baris/anaconda3/envs/py311/lib/python3.11/site-packages/zmq/sugar/socket.py", line 749, in send_multipart
    self.send(msg, zmq.SNDMORE | flags, copy=copy, track=track)
  File "/home/baris/anaconda3/envs/py311/lib/python3.11/site-packages/zmq/sugar/socket.py", line 698, in send
    return super().send(data, flags=flags, copy=copy, track=track)
           ^^^^^^^^^^^^^^^^^^^^^^^^^^^^^^^^^^^^^^^^^^^^^^^^^^^^^^^
  File "zmq/backend/cython/_zmq.py", line 1152, in zmq.backend.cython._zmq.Socket.send
  File "zmq/backend/cython/_zmq.py", line 1194, in zmq.backend.cython._zmq.Socket.send
  File "zmq/backend/cython/_zmq.py", line 1339, in zmq.backend.cython._zmq._check_closed
zmq.error.ZMQError: Socket operation on non-socket
[I 2026-09-18 04:58:09.041 ServerApp] Kernel restarted: 928fa07e-3f29-4e75-aa49-9e83f98352fc
[I 2026-09-18 04:58:09.184 ServerApp] Starting buffering for 928fa07e-3f29-4e75-aa49-9e83f98352fc:ec9ffb9f-a790-4ecb-85c7-5ebaa15fdd16
[I 2026-09-18 04:58:09.290 ServerApp] Connecting to kernel 928fa07e-3f29-4e75-aa49-9e83f98352fc.
[I 2026-09-18 04:58:09.290 ServerApp] Restoring connection for 928fa07e-3f29-4e75-aa49-9e83f98352fc:ec9ffb9f-a790-4ecb-85c7-5ebaa15fdd16
[I 2026-09-18 05:00:05.543 ServerApp] Saving file at /train.ipynb
[I 2026-09-18 05:01:04.425 ServerApp] Kernel restarted: 928fa07e-3f29-4e75-aa49-9e83f98352fc
[I 2026-09-18 05:01:04.508 ServerApp] Starting buffering for 928fa07e-3f29-4e75-aa49-9e83f98352fc:ec9ffb9f-a790-4ecb-85c7-5ebaa15fdd16
[I 2026-09-18 05:01:04.668 ServerApp] Connecting to kernel 928fa07e-3f29-4e75-aa49-9e83f98352fc.
[I 2026-09-18 05:01:04.668 ServerApp] Restoring connection for 928fa07e-3f29-4e75-aa49-9e83f98352fc:ec9ffb9f-a790-4ecb-85c7-5ebaa15fdd16
[I 2026-09-18 05:01:04.670 ServerApp] Replaying 2 buffered messages
[I 2026-09-18 05:01:54.910 ServerApp] Kernel restarted: 928fa07e-3f29-4e75-aa49-9e83f98352fc
[I 2026-09-18 05:01:55.008 ServerApp] Starting buffering for 928fa07e-3f29-4e75-aa49-9e83f98352fc:ec9ffb9f-a790-4ecb-85c7-5ebaa15fdd16
[I 2026-09-18 05:01:55.168 ServerApp] Connecting to kernel 928fa07e-3f29-4e75-aa49-9e83f98352fc.
[I 2026-09-18 05:01:55.168 ServerApp] Restoring connection for 928fa07e-3f29-4e75-aa49-9e83f98352fc:ec9ffb9f-a790-4ecb-85c7-5ebaa15fdd16
[I 2026-09-18 05:02:06.174 ServerApp] Saving file at /train.ipynb
[I 2026-09-18 05:04:06.802 ServerApp] Saving file at /train.ipynb
[I 2026-09-18 05:04:13.809 ServerApp] Connecting to kernel 928fa07e-3f29-4e75-aa49-9e83f98352fc.
[I 2026-09-18 05:06:07.306 ServerApp] Saving file at /train.ipynb
[I 2026-09-18 05:07:35.009 ServerApp] Kernel restarted: 928fa07e-3f29-4e75-aa49-9e83f98352fc
[I 2026-09-18 05:07:35.162 ServerApp] Starting buffering for 928fa07e-3f29-4e75-aa49-9e83f98352fc:ec9ffb9f-a790-4ecb-85c7-5ebaa15fdd16
[I 2026-09-18 05:07:35.321 ServerApp] Connecting to kernel 928fa07e-3f29-4e75-aa49-9e83f98352fc.
[I 2026-09-18 05:07:35.321 ServerApp] Restoring connection for 928fa07e-3f29-4e75-aa49-9e83f98352fc:ec9ffb9f-a790-4ecb-85c7-5ebaa15fdd16
[I 2026-09-18 05:07:35.327 ServerApp] Replaying 2 buffered messages
[I 2026-09-18 05:08:08.275 ServerApp] Saving file at /train.ipynb
[I 2026-09-18 05:08:17.540 ServerApp] Kernel interrupted: 928fa07e-3f29-4e75-aa49-9e83f98352fc
[I 2026-09-18 05:08:46.315 ServerApp] Kernel restarted: 928fa07e-3f29-4e75-aa49-9e83f98352fc
[I 2026-09-18 05:08:46.425 ServerApp] Starting buffering for 928fa07e-3f29-4e75-aa49-9e83f98352fc:ec9ffb9f-a790-4ecb-85c7-5ebaa15fdd16
[I 2026-09-18 05:08:46.532 ServerApp] Connecting to kernel 928fa07e-3f29-4e75-aa49-9e83f98352fc.
[I 2026-09-18 05:08:46.532 ServerApp] Restoring connection for 928fa07e-3f29-4e75-aa49-9e83f98352fc:ec9ffb9f-a790-4ecb-85c7-5ebaa15fdd16
[I 2026-09-18 05:09:03.028 ServerApp] Kernel restarted: 928fa07e-3f29-4e75-aa49-9e83f98352fc
[I 2026-09-18 05:09:03.158 ServerApp] Starting buffering for 928fa07e-3f29-4e75-aa49-9e83f98352fc:ec9ffb9f-a790-4ecb-85c7-5ebaa15fdd16
[I 2026-09-18 05:09:03.317 ServerApp] Connecting to kernel 928fa07e-3f29-4e75-aa49-9e83f98352fc.
[I 2026-09-18 05:09:03.318 ServerApp] Restoring connection for 928fa07e-3f29-4e75-aa49-9e83f98352fc:ec9ffb9f-a790-4ecb-85c7-5ebaa15fdd16
[I 2026-09-18 05:09:03.322 ServerApp] Replaying 3 buffered messages
[I 2026-09-18 05:10:09.022 ServerApp] Saving file at /train.ipynb
[IPKernelApp] ERROR | Exception in message handler:
Traceback (most recent call last):
  File "/home/baris/anaconda3/envs/py311/lib/python3.11/site-packages/ipykernel/kernelbase.py", line 471, in dispatch_shell
    await result
  File "/home/baris/anaconda3/envs/py311/lib/python3.11/site-packages/ipykernel/ipkernel.py", line 366, in execute_request
    await super().execute_request(stream, ident, parent)
  File "/home/baris/anaconda3/envs/py311/lib/python3.11/site-packages/ipykernel/kernelbase.py", line 850, in execute_request
    reply_msg: dict[str, t.Any] = self.session.send(  # type:ignore[assignment]
                                  ^^^^^^^^^^^^^^^^^^^^^^^^^^^^^^^^^^^^^^^^^^^^^
  File "/home/baris/anaconda3/envs/py311/lib/python3.11/site-packages/jupyter_client/session.py", line 863, in send
    stream.send_multipart(to_send, copy=copy)
  File "/home/baris/anaconda3/envs/py311/lib/python3.11/site-packages/zmq/sugar/socket.py", line 749, in send_multipart
    self.send(msg, zmq.SNDMORE | flags, copy=copy, track=track)
  File "/home/baris/anaconda3/envs/py311/lib/python3.11/site-packages/zmq/sugar/socket.py", line 698, in send
    return super().send(data, flags=flags, copy=copy, track=track)
           ^^^^^^^^^^^^^^^^^^^^^^^^^^^^^^^^^^^^^^^^^^^^^^^^^^^^^^^
  File "zmq/backend/cython/_zmq.py", line 1152, in zmq.backend.cython._zmq.Socket.send
  File "zmq/backend/cython/_zmq.py", line 1194, in zmq.backend.cython._zmq.Socket.send
  File "zmq/backend/cython/_zmq.py", line 1339, in zmq.backend.cython._zmq._check_closed
zmq.error.ZMQError: Socket operation on non-socket
[I 2026-09-18 05:10:18.081 ServerApp] Kernel restarted: 928fa07e-3f29-4e75-aa49-9e83f98352fc
[I 2026-09-18 05:10:18.184 ServerApp] Starting buffering for 928fa07e-3f29-4e75-aa49-9e83f98352fc:ec9ffb9f-a790-4ecb-85c7-5ebaa15fdd16
[I 2026-09-18 05:10:18.368 ServerApp] Connecting to kernel 928fa07e-3f29-4e75-aa49-9e83f98352fc.
[I 2026-09-18 05:10:18.368 ServerApp] Restoring connection for 928fa07e-3f29-4e75-aa49-9e83f98352fc:ec9ffb9f-a790-4ecb-85c7-5ebaa15fdd16
[I 2026-09-18 05:11:21.947 ServerApp] Kernel restarted: 928fa07e-3f29-4e75-aa49-9e83f98352fc
[I 2026-09-18 05:11:22.037 ServerApp] Starting buffering for 928fa07e-3f29-4e75-aa49-9e83f98352fc:ec9ffb9f-a790-4ecb-85c7-5ebaa15fdd16
[I 2026-09-18 05:11:22.197 ServerApp] Connecting to kernel 928fa07e-3f29-4e75-aa49-9e83f98352fc.
[I 2026-09-18 05:11:22.198 ServerApp] Restoring connection for 928fa07e-3f29-4e75-aa49-9e83f98352fc:ec9ffb9f-a790-4ecb-85c7-5ebaa15fdd16
[I 2026-09-18 05:12:09.625 ServerApp] Saving file at /train.ipynb
[I 2026-09-18 05:12:42.820 ServerApp] Kernel restarted: 928fa07e-3f29-4e75-aa49-9e83f98352fc
[I 2026-09-18 05:12:42.896 ServerApp] Starting buffering for 928fa07e-3f29-4e75-aa49-9e83f98352fc:ec9ffb9f-a790-4ecb-85c7-5ebaa15fdd16
[I 2026-09-18 05:12:43.056 ServerApp] Connecting to kernel 928fa07e-3f29-4e75-aa49-9e83f98352fc.
[I 2026-09-18 05:12:43.056 ServerApp] Restoring connection for 928fa07e-3f29-4e75-aa49-9e83f98352fc:ec9ffb9f-a790-4ecb-85c7-5ebaa15fdd16
[I 2026-09-18 05:12:55.877 ServerApp] Kernel restarted: 928fa07e-3f29-4e75-aa49-9e83f98352fc
[I 2026-09-18 05:12:55.955 ServerApp] Starting buffering for 928fa07e-3f29-4e75-aa49-9e83f98352fc:ec9ffb9f-a790-4ecb-85c7-5ebaa15fdd16
[I 2026-09-18 05:12:56.115 ServerApp] Connecting to kernel 928fa07e-3f29-4e75-aa49-9e83f98352fc.
[I 2026-09-18 05:12:56.115 ServerApp] Restoring connection for 928fa07e-3f29-4e75-aa49-9e83f98352fc:ec9ffb9f-a790-4ecb-85c7-5ebaa15fdd16
[I 2026-09-18 05:14:11.035 ServerApp] Saving file at /train.ipynb
[I 2026-09-18 05:16:12.774 ServerApp] Saving file at /train.ipynb
[I 2026-09-18 05:17:28.360 ServerApp] Kernel restarted: 928fa07e-3f29-4e75-aa49-9e83f98352fc
[I 2026-09-18 05:17:28.616 ServerApp] Starting buffering for 928fa07e-3f29-4e75-aa49-9e83f98352fc:ec9ffb9f-a790-4ecb-85c7-5ebaa15fdd16
[I 2026-09-18 05:17:28.722 ServerApp] Connecting to kernel 928fa07e-3f29-4e75-aa49-9e83f98352fc.
[I 2026-09-18 05:17:28.722 ServerApp] Restoring connection for 928fa07e-3f29-4e75-aa49-9e83f98352fc:ec9ffb9f-a790-4ecb-85c7-5ebaa15fdd16
[I 2026-09-18 05:17:48.402 ServerApp] Kernel restarted: 928fa07e-3f29-4e75-aa49-9e83f98352fc
[I 2026-09-18 05:17:48.478 ServerApp] Starting buffering for 928fa07e-3f29-4e75-aa49-9e83f98352fc:ec9ffb9f-a790-4ecb-85c7-5ebaa15fdd16
[I 2026-09-18 05:17:48.639 ServerApp] Connecting to kernel 928fa07e-3f29-4e75-aa49-9e83f98352fc.
[I 2026-09-18 05:17:48.639 ServerApp] Restoring connection for 928fa07e-3f29-4e75-aa49-9e83f98352fc:ec9ffb9f-a790-4ecb-85c7-5ebaa15fdd16
[I 2026-09-18 05:18:09.012 ServerApp] Kernel restarted: 928fa07e-3f29-4e75-aa49-9e83f98352fc
[I 2026-09-18 05:18:09.087 ServerApp] Starting buffering for 928fa07e-3f29-4e75-aa49-9e83f98352fc:ec9ffb9f-a790-4ecb-85c7-5ebaa15fdd16
[I 2026-09-18 05:18:09.247 ServerApp] Connecting to kernel 928fa07e-3f29-4e75-aa49-9e83f98352fc.
[I 2026-09-18 05:18:09.247 ServerApp] Restoring connection for 928fa07e-3f29-4e75-aa49-9e83f98352fc:ec9ffb9f-a790-4ecb-85c7-5ebaa15fdd16
[I 2026-09-18 05:18:13.402 ServerApp] Saving file at /train.ipynb
[I 2026-09-18 05:20:13.948 ServerApp] Saving file at /train.ipynb
[I 2026-09-18 05:20:39.266 ServerApp] Kernel interrupted: 928fa07e-3f29-4e75-aa49-9e83f98352fc
[I 2026-09-18 05:22:14.827 ServerApp] Saving file at /train.ipynb
[I 2026-09-18 05:22:29.766 ServerApp] Kernel restarted: 928fa07e-3f29-4e75-aa49-9e83f98352fc
[I 2026-09-18 05:22:29.877 ServerApp] Starting buffering for 928fa07e-3f29-4e75-aa49-9e83f98352fc:ec9ffb9f-a790-4ecb-85c7-5ebaa15fdd16
[I 2026-09-18 05:22:29.984 ServerApp] Connecting to kernel 928fa07e-3f29-4e75-aa49-9e83f98352fc.
[I 2026-09-18 05:22:29.984 ServerApp] Restoring connection for 928fa07e-3f29-4e75-aa49-9e83f98352fc:ec9ffb9f-a790-4ecb-85c7-5ebaa15fdd16
/home/baris/anaconda3/envs/py311/lib/python3.11/site-packages/tensorboard/default.py:30: UserWarning: pkg_resources is deprecated as an API. See https://setuptools.pypa.io/en/latest/pkg_resources.html. The pkg_resources package is slated for removal as early as 2025-11-30. Refrain from using this package or pin to Setuptools<81.
  import pkg_resources
TensorFlow installation not found - running with reduced feature set.

NOTE: Using experimental fast data loading logic. To disable, pass
    "--load_fast=false" and report issues on GitHub. More details:
    https://github.com/tensorflow/tensorboard/issues/4784

Serving TensorBoard on localhost; to expose to the network, use a proxy or pass --bind_all
TensorBoard 2.20.0 at http://localhost:8889/ (Press CTRL+C to quit)
[I 2026-09-18 05:24:02.698 ServerApp] Starting buffering for 928fa07e-3f29-4e75-aa49-9e83f98352fc:ec9ffb9f-a790-4ecb-85c7-5ebaa15fdd16
[C 2026-09-18 05:24:10.328 ServerApp] received signal 15, stopping
[I 2026-09-18 05:24:10.329 ServerApp] Shutting down 6 extensions
[I 2026-09-18 05:24:10.329 ServerApp] Shutting down 1 kernel
[I 2026-09-18 05:24:10.329 ServerApp] Kernel shutdown: 928fa07e-3f29-4e75-aa49-9e83f98352fc
[IPKernelApp] ERROR | Exception in message handler:
Traceback (most recent call last):
  File "/home/baris/anaconda3/envs/py311/lib/python3.11/site-packages/ipykernel/kernelbase.py", line 471, in dispatch_shell
    await result
  File "/home/baris/anaconda3/envs/py311/lib/python3.11/site-packages/ipykernel/ipkernel.py", line 366, in execute_request
    await super().execute_request(stream, ident, parent)
  File "/home/baris/anaconda3/envs/py311/lib/python3.11/site-packages/ipykernel/kernelbase.py", line 850, in execute_request
    reply_msg: dict[str, t.Any] = self.session.send(  # type:ignore[assignment]
                                  ^^^^^^^^^^^^^^^^^^^^^^^^^^^^^^^^^^^^^^^^^^^^^
  File "/home/baris/anaconda3/envs/py311/lib/python3.11/site-packages/jupyter_client/session.py", line 863, in send
    stream.send_multipart(to_send, copy=copy)
  File "/home/baris/anaconda3/envs/py311/lib/python3.11/site-packages/zmq/sugar/socket.py", line 749, in send_multipart
    self.send(msg, zmq.SNDMORE | flags, copy=copy, track=track)
  File "/home/baris/anaconda3/envs/py311/lib/python3.11/site-packages/zmq/sugar/socket.py", line 698, in send
    return super().send(data, flags=flags, copy=copy, track=track)
           ^^^^^^^^^^^^^^^^^^^^^^^^^^^^^^^^^^^^^^^^^^^^^^^^^^^^^^^
  File "zmq/backend/cython/_zmq.py", line 1152, in zmq.backend.cython._zmq.Socket.send
  File "zmq/backend/cython/_zmq.py", line 1194, in zmq.backend.cython._zmq.Socket.send
  File "zmq/backend/cython/_zmq.py", line 1339, in zmq.backend.cython._zmq._check_closed
zmq.error.ZMQError: Socket operation on non-socket
[I 2026-09-18 12:35:56.381 ServerApp] Extension package panel.io.jupyter_server_extension took 0.4677s to import
[I 2026-09-18 12:35:56.381 ServerApp] jupyter_lsp | extension was successfully linked.
[I 2026-09-18 12:35:56.383 ServerApp] jupyter_server_terminals | extension was successfully linked.
[I 2026-09-18 12:35:56.385 ServerApp] jupyterlab | extension was successfully linked.
[I 2026-09-18 12:35:56.386 ServerApp] notebook | extension was successfully linked.
[I 2026-09-18 12:35:56.625 ServerApp] notebook_shim | extension was successfully linked.
[I 2026-09-18 12:35:56.626 ServerApp] panel.io.jupyter_server_extension | extension was successfully linked.
[I 2026-09-18 12:35:56.635 ServerApp] notebook_shim | extension was successfully loaded.
[I 2026-09-18 12:35:56.636 ServerApp] jupyter_lsp | extension was successfully loaded.
[I 2026-09-18 12:35:56.636 ServerApp] jupyter_server_terminals | extension was successfully loaded.
[I 2026-09-18 12:35:56.637 LabApp] JupyterLab extension loaded from /home/baris/anaconda3/lib/python3.13/site-packages/jupyterlab
[I 2026-09-18 12:35:56.637 LabApp] JupyterLab application directory is /home/baris/anaconda3/share/jupyter/lab
[I 2026-09-18 12:35:56.637 LabApp] Extension Manager is 'pypi'.
[I 2026-09-18 12:35:56.665 ServerApp] jupyterlab | extension was successfully loaded.
[I 2026-09-18 12:35:56.666 ServerApp] notebook | extension was successfully loaded.
[I 2026-09-18 12:35:56.666 ServerApp] panel.io.jupyter_server_extension | extension was successfully loaded.
[I 2026-09-18 12:35:56.667 ServerApp] Serving notebooks from local directory: /home/baris/database_transformer
[I 2026-09-18 12:35:56.667 ServerApp] Jupyter Server 2.15.0 is running at:
[I 2026-09-18 12:35:56.667 ServerApp] http://localhost:8888/tree
[I 2026-09-18 12:35:56.667 ServerApp]     http://127.0.0.1:8888/tree
[I 2026-09-18 12:35:56.667 ServerApp] Use Control-C to stop this server and shut down all kernels (twice to skip confirmation).
[I 2026-09-18 12:35:56.776 ServerApp] Skipped non-installed server(s): bash-language-server, dockerfile-language-server-nodejs, javascript-typescript-langserver, jedi-language-server, julia-language-server, pyright, python-language-server, r-languageserver, sql-language-server, texlab, typescript-language-server, unified-language-server, vscode-css-languageserver-bin, vscode-html-languageserver-bin, vscode-json-languageserver-bin, yaml-language-server
[I 2026-09-18 12:35:56.879 ServerApp] 302 GET / (@::1) 0.23ms
[I 2026-09-18 12:36:10.390 ServerApp] Kernel started: 29e12df8-85cd-4cdd-9ba6-6ee975f51420
[I 2026-09-18 12:36:11.227 ServerApp] Connecting to kernel 29e12df8-85cd-4cdd-9ba6-6ee975f51420.
[W 2026-09-18 12:36:11.228 ServerApp] The websocket_ping_timeout (90000) cannot be longer than the websocket_ping_interval (30000).
    Setting websocket_ping_timeout=30000
[I 2026-09-18 12:37:02.795 ServerApp] Connecting to kernel 29e12df8-85cd-4cdd-9ba6-6ee975f51420.
[I 2026-09-18 12:37:59.884 ServerApp] Kernel restarted: 29e12df8-85cd-4cdd-9ba6-6ee975f51420
[I 2026-09-18 12:37:59.960 ServerApp] Starting buffering for 29e12df8-85cd-4cdd-9ba6-6ee975f51420:7407d947-6cc6-4936-910e-e70acc4979cc
[I 2026-09-18 12:38:00.122 ServerApp] Connecting to kernel 29e12df8-85cd-4cdd-9ba6-6ee975f51420.
[I 2026-09-18 12:38:00.122 ServerApp] Restoring connection for 29e12df8-85cd-4cdd-9ba6-6ee975f51420:7407d947-6cc6-4936-910e-e70acc4979cc
[I 2026-09-18 12:38:10.265 ServerApp] Saving file at /train.ipynb
[I 2026-09-18 12:40:10.880 ServerApp] Saving file at /train.ipynb
[I 2026-09-18 12:42:11.822 ServerApp] Saving file at /train.ipynb
[I 2026-09-18 12:44:12.084 ServerApp] Kernel restarted: 29e12df8-85cd-4cdd-9ba6-6ee975f51420
[I 2026-09-18 12:44:12.163 ServerApp] Starting buffering for 29e12df8-85cd-4cdd-9ba6-6ee975f51420:7407d947-6cc6-4936-910e-e70acc4979cc
[I 2026-09-18 12:44:12.617 ServerApp] Saving file at /train.ipynb
[I 2026-09-18 12:44:12.658 ServerApp] Connecting to kernel 29e12df8-85cd-4cdd-9ba6-6ee975f51420.
[I 2026-09-18 12:44:12.658 ServerApp] Restoring connection for 29e12df8-85cd-4cdd-9ba6-6ee975f51420:7407d947-6cc6-4936-910e-e70acc4979cc
[I 2026-09-18 12:44:12.664 ServerApp] Replaying 3 buffered messages
[I 2026-09-18 12:46:13.387 ServerApp] Saving file at /train.ipynb
[I 2026-09-18 12:50:34.547 ServerApp] Kernel restarted: 29e12df8-85cd-4cdd-9ba6-6ee975f51420
[I 2026-09-18 12:50:34.688 ServerApp] Starting buffering for 29e12df8-85cd-4cdd-9ba6-6ee975f51420:7407d947-6cc6-4936-910e-e70acc4979cc
[I 2026-09-18 12:50:34.796 ServerApp] Connecting to kernel 29e12df8-85cd-4cdd-9ba6-6ee975f51420.
[I 2026-09-18 12:50:34.796 ServerApp] Restoring connection for 29e12df8-85cd-4cdd-9ba6-6ee975f51420:7407d947-6cc6-4936-910e-e70acc4979cc
[I 2026-09-18 12:50:34.798 ServerApp] Replaying 3 buffered messages
[I 2026-09-18 12:51:59.018 ServerApp] Kernel restarted: 29e12df8-85cd-4cdd-9ba6-6ee975f51420
[I 2026-09-18 12:51:59.166 ServerApp] Starting buffering for 29e12df8-85cd-4cdd-9ba6-6ee975f51420:7407d947-6cc6-4936-910e-e70acc4979cc
[I 2026-09-18 12:51:59.336 ServerApp] Connecting to kernel 29e12df8-85cd-4cdd-9ba6-6ee975f51420.
[I 2026-09-18 12:51:59.336 ServerApp] Restoring connection for 29e12df8-85cd-4cdd-9ba6-6ee975f51420:7407d947-6cc6-4936-910e-e70acc4979cc
[I 2026-09-18 12:52:15.099 ServerApp] Saving file at /train.ipynb
[I 2026-09-18 12:53:27.492 ServerApp] Kernel restarted: 29e12df8-85cd-4cdd-9ba6-6ee975f51420
[I 2026-09-18 12:53:27.582 ServerApp] Starting buffering for 29e12df8-85cd-4cdd-9ba6-6ee975f51420:7407d947-6cc6-4936-910e-e70acc4979cc
[I 2026-09-18 12:53:27.744 ServerApp] Connecting to kernel 29e12df8-85cd-4cdd-9ba6-6ee975f51420.
[I 2026-09-18 12:53:27.744 ServerApp] Restoring connection for 29e12df8-85cd-4cdd-9ba6-6ee975f51420:7407d947-6cc6-4936-910e-e70acc4979cc
[I 2026-09-18 12:53:27.746 ServerApp] Replaying 1 buffered messages
[I 2026-09-18 12:54:09.091 ServerApp] Kernel restarted: 29e12df8-85cd-4cdd-9ba6-6ee975f51420
[I 2026-09-18 12:54:09.335 ServerApp] Starting buffering for 29e12df8-85cd-4cdd-9ba6-6ee975f51420:7407d947-6cc6-4936-910e-e70acc4979cc
[I 2026-09-18 12:54:09.496 ServerApp] Connecting to kernel 29e12df8-85cd-4cdd-9ba6-6ee975f51420.
[I 2026-09-18 12:54:09.496 ServerApp] Restoring connection for 29e12df8-85cd-4cdd-9ba6-6ee975f51420:7407d947-6cc6-4936-910e-e70acc4979cc
[I 2026-09-18 12:54:09.503 ServerApp] Replaying 2 buffered messages
[I 2026-09-18 12:54:15.856 ServerApp] Saving file at /train.ipynb
[I 2026-09-18 12:56:16.456 ServerApp] Kernel restarted: 29e12df8-85cd-4cdd-9ba6-6ee975f51420
[I 2026-09-18 12:56:16.492 ServerApp] Saving file at /train.ipynb
[I 2026-09-18 12:56:16.549 ServerApp] Starting buffering for 29e12df8-85cd-4cdd-9ba6-6ee975f51420:7407d947-6cc6-4936-910e-e70acc4979cc
[I 2026-09-18 12:56:16.712 ServerApp] Connecting to kernel 29e12df8-85cd-4cdd-9ba6-6ee975f51420.
[I 2026-09-18 12:56:16.712 ServerApp] Restoring connection for 29e12df8-85cd-4cdd-9ba6-6ee975f51420:7407d947-6cc6-4936-910e-e70acc4979cc
[I 2026-09-18 12:57:44.302 ServerApp] Kernel restarted: 29e12df8-85cd-4cdd-9ba6-6ee975f51420
[I 2026-09-18 12:57:44.441 ServerApp] Starting buffering for 29e12df8-85cd-4cdd-9ba6-6ee975f51420:7407d947-6cc6-4936-910e-e70acc4979cc
[I 2026-09-18 12:57:44.601 ServerApp] Connecting to kernel 29e12df8-85cd-4cdd-9ba6-6ee975f51420.
[I 2026-09-18 12:57:44.601 ServerApp] Restoring connection for 29e12df8-85cd-4cdd-9ba6-6ee975f51420:7407d947-6cc6-4936-910e-e70acc4979cc
[I 2026-09-18 12:58:09.480 ServerApp] Kernel restarted: 29e12df8-85cd-4cdd-9ba6-6ee975f51420
[I 2026-09-18 12:58:09.557 ServerApp] Starting buffering for 29e12df8-85cd-4cdd-9ba6-6ee975f51420:7407d947-6cc6-4936-910e-e70acc4979cc
[I 2026-09-18 12:58:09.718 ServerApp] Connecting to kernel 29e12df8-85cd-4cdd-9ba6-6ee975f51420.
[I 2026-09-18 12:58:09.718 ServerApp] Restoring connection for 29e12df8-85cd-4cdd-9ba6-6ee975f51420:7407d947-6cc6-4936-910e-e70acc4979cc
[I 2026-09-18 12:58:09.720 ServerApp] Replaying 1 buffered messages
[I 2026-09-18 12:58:17.390 ServerApp] Saving file at /train.ipynb
[I 2026-09-18 13:00:18.176 ServerApp] Saving file at /train.ipynb
[I 2026-09-18 13:04:20.261 ServerApp] Kernel restarted: 29e12df8-85cd-4cdd-9ba6-6ee975f51420
[I 2026-09-18 13:04:20.378 ServerApp] Starting buffering for 29e12df8-85cd-4cdd-9ba6-6ee975f51420:7407d947-6cc6-4936-910e-e70acc4979cc
[I 2026-09-18 13:04:20.732 ServerApp] Connecting to kernel 29e12df8-85cd-4cdd-9ba6-6ee975f51420.
[I 2026-09-18 13:04:20.732 ServerApp] Restoring connection for 29e12df8-85cd-4cdd-9ba6-6ee975f51420:7407d947-6cc6-4936-910e-e70acc4979cc
[I 2026-09-18 13:04:20.743 ServerApp] Replaying 3 buffered messages
[I 2026-09-18 13:04:53.690 ServerApp] Kernel restarted: 29e12df8-85cd-4cdd-9ba6-6ee975f51420
[I 2026-09-18 13:04:53.768 ServerApp] Starting buffering for 29e12df8-85cd-4cdd-9ba6-6ee975f51420:7407d947-6cc6-4936-910e-e70acc4979cc
[I 2026-09-18 13:04:53.929 ServerApp] Connecting to kernel 29e12df8-85cd-4cdd-9ba6-6ee975f51420.
[I 2026-09-18 13:04:53.929 ServerApp] Restoring connection for 29e12df8-85cd-4cdd-9ba6-6ee975f51420:7407d947-6cc6-4936-910e-e70acc4979cc
[I 2026-09-18 13:06:19.088 ServerApp] Saving file at /train.ipynb
[I 2026-09-18 13:14:27.856 ServerApp] Kernel restarted: 29e12df8-85cd-4cdd-9ba6-6ee975f51420
[I 2026-09-18 13:14:27.931 ServerApp] Starting buffering for 29e12df8-85cd-4cdd-9ba6-6ee975f51420:7407d947-6cc6-4936-910e-e70acc4979cc
[I 2026-09-18 13:14:28.061 ServerApp] Connecting to kernel 29e12df8-85cd-4cdd-9ba6-6ee975f51420.
[I 2026-09-18 13:14:28.061 ServerApp] Restoring connection for 29e12df8-85cd-4cdd-9ba6-6ee975f51420:7407d947-6cc6-4936-910e-e70acc4979cc
[I 2026-09-18 13:15:58.783 ServerApp] Kernel restarted: 29e12df8-85cd-4cdd-9ba6-6ee975f51420
[I 2026-09-18 13:15:58.894 ServerApp] Starting buffering for 29e12df8-85cd-4cdd-9ba6-6ee975f51420:7407d947-6cc6-4936-910e-e70acc4979cc
[I 2026-09-18 13:15:59.055 ServerApp] Connecting to kernel 29e12df8-85cd-4cdd-9ba6-6ee975f51420.
[I 2026-09-18 13:15:59.055 ServerApp] Restoring connection for 29e12df8-85cd-4cdd-9ba6-6ee975f51420:7407d947-6cc6-4936-910e-e70acc4979cc
[I 2026-09-18 13:16:20.711 ServerApp] Saving file at /train.ipynb
[I 2026-09-18 13:16:46.530 ServerApp] Kernel restarted: 29e12df8-85cd-4cdd-9ba6-6ee975f51420
[I 2026-09-18 13:16:46.628 ServerApp] Starting buffering for 29e12df8-85cd-4cdd-9ba6-6ee975f51420:7407d947-6cc6-4936-910e-e70acc4979cc
[I 2026-09-18 13:16:46.790 ServerApp] Connecting to kernel 29e12df8-85cd-4cdd-9ba6-6ee975f51420.
[I 2026-09-18 13:16:46.790 ServerApp] Restoring connection for 29e12df8-85cd-4cdd-9ba6-6ee975f51420:7407d947-6cc6-4936-910e-e70acc4979cc
[I 2026-09-18 13:16:46.793 ServerApp] Replaying 3 buffered messages
[I 2026-09-18 13:17:13.127 ServerApp] Kernel restarted: 29e12df8-85cd-4cdd-9ba6-6ee975f51420
[I 2026-09-18 13:17:13.234 ServerApp] Starting buffering for 29e12df8-85cd-4cdd-9ba6-6ee975f51420:7407d947-6cc6-4936-910e-e70acc4979cc
[I 2026-09-18 13:17:13.342 ServerApp] Connecting to kernel 29e12df8-85cd-4cdd-9ba6-6ee975f51420.
[I 2026-09-18 13:17:13.342 ServerApp] Restoring connection for 29e12df8-85cd-4cdd-9ba6-6ee975f51420:7407d947-6cc6-4936-910e-e70acc4979cc
[I 2026-09-18 13:18:01.914 ServerApp] Kernel restarted: 29e12df8-85cd-4cdd-9ba6-6ee975f51420
[I 2026-09-18 13:18:01.994 ServerApp] Starting buffering for 29e12df8-85cd-4cdd-9ba6-6ee975f51420:7407d947-6cc6-4936-910e-e70acc4979cc
[I 2026-09-18 13:18:02.101 ServerApp] Connecting to kernel 29e12df8-85cd-4cdd-9ba6-6ee975f51420.
[I 2026-09-18 13:18:02.101 ServerApp] Restoring connection for 29e12df8-85cd-4cdd-9ba6-6ee975f51420:7407d947-6cc6-4936-910e-e70acc4979cc
[I 2026-09-18 13:18:21.436 ServerApp] Saving file at /train.ipynb
[I 2026-09-18 13:20:22.287 ServerApp] Saving file at /train.ipynb
[I 2026-09-18 14:07:32.059 ServerApp] Kernel restarted: 29e12df8-85cd-4cdd-9ba6-6ee975f51420
[I 2026-09-18 14:07:32.136 ServerApp] Starting buffering for 29e12df8-85cd-4cdd-9ba6-6ee975f51420:7407d947-6cc6-4936-910e-e70acc4979cc
[I 2026-09-18 14:07:32.297 ServerApp] Connecting to kernel 29e12df8-85cd-4cdd-9ba6-6ee975f51420.
[I 2026-09-18 14:07:32.297 ServerApp] Restoring connection for 29e12df8-85cd-4cdd-9ba6-6ee975f51420:7407d947-6cc6-4936-910e-e70acc4979cc
[I 2026-09-18 14:07:58.638 ServerApp] Kernel restarted: 29e12df8-85cd-4cdd-9ba6-6ee975f51420
[I 2026-09-18 14:07:58.723 ServerApp] Starting buffering for 29e12df8-85cd-4cdd-9ba6-6ee975f51420:7407d947-6cc6-4936-910e-e70acc4979cc
[I 2026-09-18 14:07:58.885 ServerApp] Connecting to kernel 29e12df8-85cd-4cdd-9ba6-6ee975f51420.
[I 2026-09-18 14:07:58.885 ServerApp] Restoring connection for 29e12df8-85cd-4cdd-9ba6-6ee975f51420:7407d947-6cc6-4936-910e-e70acc4979cc
[I 2026-09-18 14:08:30.323 ServerApp] Saving file at /train.ipynb
[I 2026-09-18 14:12:06.254 ServerApp] Kernel restarted: 29e12df8-85cd-4cdd-9ba6-6ee975f51420
[I 2026-09-18 14:12:06.430 ServerApp] Starting buffering for 29e12df8-85cd-4cdd-9ba6-6ee975f51420:7407d947-6cc6-4936-910e-e70acc4979cc
[I 2026-09-18 14:12:06.528 ServerApp] Connecting to kernel 29e12df8-85cd-4cdd-9ba6-6ee975f51420.
[I 2026-09-18 14:12:06.528 ServerApp] Restoring connection for 29e12df8-85cd-4cdd-9ba6-6ee975f51420:7407d947-6cc6-4936-910e-e70acc4979cc
[I 2026-09-18 14:12:31.284 ServerApp] Saving file at /train.ipynb
[I 2026-09-18 14:12:43.540 ServerApp] Kernel restarted: 29e12df8-85cd-4cdd-9ba6-6ee975f51420
[I 2026-09-18 14:12:43.652 ServerApp] Starting buffering for 29e12df8-85cd-4cdd-9ba6-6ee975f51420:7407d947-6cc6-4936-910e-e70acc4979cc
[I 2026-09-18 14:12:43.761 ServerApp] Connecting to kernel 29e12df8-85cd-4cdd-9ba6-6ee975f51420.
[I 2026-09-18 14:12:43.761 ServerApp] Restoring connection for 29e12df8-85cd-4cdd-9ba6-6ee975f51420:7407d947-6cc6-4936-910e-e70acc4979cc
[I 2026-09-18 14:12:43.763 ServerApp] Replaying 3 buffered messages
[I 2026-09-18 14:12:59.659 ServerApp] Kernel restarted: 29e12df8-85cd-4cdd-9ba6-6ee975f51420
[I 2026-09-18 14:12:59.781 ServerApp] Starting buffering for 29e12df8-85cd-4cdd-9ba6-6ee975f51420:7407d947-6cc6-4936-910e-e70acc4979cc
[I 2026-09-18 14:12:59.889 ServerApp] Connecting to kernel 29e12df8-85cd-4cdd-9ba6-6ee975f51420.
[I 2026-09-18 14:12:59.889 ServerApp] Restoring connection for 29e12df8-85cd-4cdd-9ba6-6ee975f51420:7407d947-6cc6-4936-910e-e70acc4979cc
[I 2026-09-18 14:13:41.678 ServerApp] Kernel restarted: 29e12df8-85cd-4cdd-9ba6-6ee975f51420
[I 2026-09-18 14:13:41.755 ServerApp] Starting buffering for 29e12df8-85cd-4cdd-9ba6-6ee975f51420:7407d947-6cc6-4936-910e-e70acc4979cc
[I 2026-09-18 14:13:41.918 ServerApp] Connecting to kernel 29e12df8-85cd-4cdd-9ba6-6ee975f51420.
[I 2026-09-18 14:13:41.918 ServerApp] Restoring connection for 29e12df8-85cd-4cdd-9ba6-6ee975f51420:7407d947-6cc6-4936-910e-e70acc4979cc
[I 2026-09-18 14:14:32.554 ServerApp] Saving file at /train.ipynb
[I 2026-09-18 14:14:42.219 ServerApp] Kernel restarted: 29e12df8-85cd-4cdd-9ba6-6ee975f51420
[I 2026-09-18 14:14:42.294 ServerApp] Starting buffering for 29e12df8-85cd-4cdd-9ba6-6ee975f51420:7407d947-6cc6-4936-910e-e70acc4979cc
[I 2026-09-18 14:14:42.476 ServerApp] Connecting to kernel 29e12df8-85cd-4cdd-9ba6-6ee975f51420.
[I 2026-09-18 14:14:42.476 ServerApp] Restoring connection for 29e12df8-85cd-4cdd-9ba6-6ee975f51420:7407d947-6cc6-4936-910e-e70acc4979cc
[I 2026-09-18 14:16:33.828 ServerApp] Saving file at /train.ipynb
[I 2026-09-18 14:17:34.230 ServerApp] Kernel restarted: 29e12df8-85cd-4cdd-9ba6-6ee975f51420
[I 2026-09-18 14:17:34.361 ServerApp] Starting buffering for 29e12df8-85cd-4cdd-9ba6-6ee975f51420:7407d947-6cc6-4936-910e-e70acc4979cc
[I 2026-09-18 14:17:34.470 ServerApp] Connecting to kernel 29e12df8-85cd-4cdd-9ba6-6ee975f51420.
[I 2026-09-18 14:17:34.470 ServerApp] Restoring connection for 29e12df8-85cd-4cdd-9ba6-6ee975f51420:7407d947-6cc6-4936-910e-e70acc4979cc
[I 2026-09-18 14:18:35.268 ServerApp] Saving file at /train.ipynb
[I 2026-09-18 14:19:31.114 ServerApp] Kernel restarted: 29e12df8-85cd-4cdd-9ba6-6ee975f51420
[I 2026-09-18 14:19:31.234 ServerApp] Starting buffering for 29e12df8-85cd-4cdd-9ba6-6ee975f51420:7407d947-6cc6-4936-910e-e70acc4979cc
[I 2026-09-18 14:19:31.402 ServerApp] Connecting to kernel 29e12df8-85cd-4cdd-9ba6-6ee975f51420.
[I 2026-09-18 14:19:31.402 ServerApp] Restoring connection for 29e12df8-85cd-4cdd-9ba6-6ee975f51420:7407d947-6cc6-4936-910e-e70acc4979cc
[I 2026-09-18 14:19:31.404 ServerApp] Replaying 3 buffered messages
[I 2026-09-18 14:20:03.623 ServerApp] Kernel restarted: 29e12df8-85cd-4cdd-9ba6-6ee975f51420
[I 2026-09-18 14:20:03.734 ServerApp] Starting buffering for 29e12df8-85cd-4cdd-9ba6-6ee975f51420:7407d947-6cc6-4936-910e-e70acc4979cc
[I 2026-09-18 14:20:03.809 ServerApp] Connecting to kernel 29e12df8-85cd-4cdd-9ba6-6ee975f51420.
[I 2026-09-18 14:20:03.809 ServerApp] Restoring connection for 29e12df8-85cd-4cdd-9ba6-6ee975f51420:7407d947-6cc6-4936-910e-e70acc4979cc
[I 2026-09-18 14:20:38.241 ServerApp] Saving file at /train.ipynb
[I 2026-09-18 14:21:42.688 ServerApp] Kernel restarted: 29e12df8-85cd-4cdd-9ba6-6ee975f51420
[I 2026-09-18 14:21:42.764 ServerApp] Starting buffering for 29e12df8-85cd-4cdd-9ba6-6ee975f51420:7407d947-6cc6-4936-910e-e70acc4979cc
[I 2026-09-18 14:21:42.933 ServerApp] Connecting to kernel 29e12df8-85cd-4cdd-9ba6-6ee975f51420.
[I 2026-09-18 14:21:42.933 ServerApp] Restoring connection for 29e12df8-85cd-4cdd-9ba6-6ee975f51420:7407d947-6cc6-4936-910e-e70acc4979cc
[I 2026-09-18 14:22:40.084 ServerApp] Saving file at /train.ipynb
[I 2026-09-18 14:24:12.844 ServerApp] Kernel restarted: 29e12df8-85cd-4cdd-9ba6-6ee975f51420
[I 2026-09-18 14:24:12.939 ServerApp] Starting buffering for 29e12df8-85cd-4cdd-9ba6-6ee975f51420:7407d947-6cc6-4936-910e-e70acc4979cc
[I 2026-09-18 14:24:13.108 ServerApp] Connecting to kernel 29e12df8-85cd-4cdd-9ba6-6ee975f51420.
[I 2026-09-18 14:24:13.108 ServerApp] Restoring connection for 29e12df8-85cd-4cdd-9ba6-6ee975f51420:7407d947-6cc6-4936-910e-e70acc4979cc
[I 2026-09-18 14:24:29.889 ServerApp] Kernel restarted: 29e12df8-85cd-4cdd-9ba6-6ee975f51420
[I 2026-09-18 14:24:29.970 ServerApp] Starting buffering for 29e12df8-85cd-4cdd-9ba6-6ee975f51420:7407d947-6cc6-4936-910e-e70acc4979cc
[I 2026-09-18 14:24:30.085 ServerApp] Connecting to kernel 29e12df8-85cd-4cdd-9ba6-6ee975f51420.
[I 2026-09-18 14:24:30.085 ServerApp] Restoring connection for 29e12df8-85cd-4cdd-9ba6-6ee975f51420:7407d947-6cc6-4936-910e-e70acc4979cc
[I 2026-09-18 14:24:41.072 ServerApp] Saving file at /train.ipynb
[I 2026-09-18 14:24:55.964 ServerApp] Kernel restarted: 29e12df8-85cd-4cdd-9ba6-6ee975f51420
[I 2026-09-18 14:24:56.207 ServerApp] Starting buffering for 29e12df8-85cd-4cdd-9ba6-6ee975f51420:7407d947-6cc6-4936-910e-e70acc4979cc
[I 2026-09-18 14:24:56.366 ServerApp] Connecting to kernel 29e12df8-85cd-4cdd-9ba6-6ee975f51420.
[I 2026-09-18 14:24:56.366 ServerApp] Restoring connection for 29e12df8-85cd-4cdd-9ba6-6ee975f51420:7407d947-6cc6-4936-910e-e70acc4979cc
[IPKernelApp] ERROR | Exception in message handler:
Traceback (most recent call last):
  File "/home/baris/anaconda3/envs/py311/lib/python3.11/site-packages/ipykernel/kernelbase.py", line 471, in dispatch_shell
    await result
  File "/home/baris/anaconda3/envs/py311/lib/python3.11/site-packages/ipykernel/ipkernel.py", line 366, in execute_request
    await super().execute_request(stream, ident, parent)
  File "/home/baris/anaconda3/envs/py311/lib/python3.11/site-packages/ipykernel/kernelbase.py", line 850, in execute_request
    reply_msg: dict[str, t.Any] = self.session.send(  # type:ignore[assignment]
                                  ^^^^^^^^^^^^^^^^^^^^^^^^^^^^^^^^^^^^^^^^^^^^^
  File "/home/baris/anaconda3/envs/py311/lib/python3.11/site-packages/jupyter_client/session.py", line 863, in send
    stream.send_multipart(to_send, copy=copy)
  File "/home/baris/anaconda3/envs/py311/lib/python3.11/site-packages/zmq/sugar/socket.py", line 749, in send_multipart
    self.send(msg, zmq.SNDMORE | flags, copy=copy, track=track)
  File "/home/baris/anaconda3/envs/py311/lib/python3.11/site-packages/zmq/sugar/socket.py", line 698, in send
    return super().send(data, flags=flags, copy=copy, track=track)
           ^^^^^^^^^^^^^^^^^^^^^^^^^^^^^^^^^^^^^^^^^^^^^^^^^^^^^^^
  File "zmq/backend/cython/_zmq.py", line 1152, in zmq.backend.cython._zmq.Socket.send
  File "zmq/backend/cython/_zmq.py", line 1194, in zmq.backend.cython._zmq.Socket.send
  File "zmq/backend/cython/_zmq.py", line 1339, in zmq.backend.cython._zmq._check_closed
zmq.error.ZMQError: Socket operation on non-socket
WARNING:tornado.general:Got events for closed stream <zmq.eventloop.zmqstream.ZMQStream object at 0x7ffa2ae754d0>
[IPKernelApp] ERROR | Exception in message handler:
Traceback (most recent call last):
  File "/home/baris/anaconda3/envs/py311/lib/python3.11/site-packages/ipykernel/kernelbase.py", line 471, in dispatch_shell
    await result
  File "/home/baris/anaconda3/envs/py311/lib/python3.11/site-packages/ipykernel/ipkernel.py", line 366, in execute_request
    await super().execute_request(stream, ident, parent)
  File "/home/baris/anaconda3/envs/py311/lib/python3.11/site-packages/ipykernel/kernelbase.py", line 850, in execute_request
    reply_msg: dict[str, t.Any] = self.session.send(  # type:ignore[assignment]
                                  ^^^^^^^^^^^^^^^^^^^^^^^^^^^^^^^^^^^^^^^^^^^^^
  File "/home/baris/anaconda3/envs/py311/lib/python3.11/site-packages/jupyter_client/session.py", line 863, in send
    stream.send_multipart(to_send, copy=copy)
  File "/home/baris/anaconda3/envs/py311/lib/python3.11/site-packages/zmq/sugar/socket.py", line 749, in send_multipart
    self.send(msg, zmq.SNDMORE | flags, copy=copy, track=track)
  File "/home/baris/anaconda3/envs/py311/lib/python3.11/site-packages/zmq/sugar/socket.py", line 698, in send
    return super().send(data, flags=flags, copy=copy, track=track)
           ^^^^^^^^^^^^^^^^^^^^^^^^^^^^^^^^^^^^^^^^^^^^^^^^^^^^^^^
  File "zmq/backend/cython/_zmq.py", line 1152, in zmq.backend.cython._zmq.Socket.send
  File "zmq/backend/cython/_zmq.py", line 1194, in zmq.backend.cython._zmq.Socket.send
  File "zmq/backend/cython/_zmq.py", line 1339, in zmq.backend.cython._zmq._check_closed
zmq.error.ZMQError: Socket operation on non-socket
[I 2026-09-18 14:26:28.697 ServerApp] Kernel restarted: 29e12df8-85cd-4cdd-9ba6-6ee975f51420
[I 2026-09-18 14:26:28.835 ServerApp] Starting buffering for 29e12df8-85cd-4cdd-9ba6-6ee975f51420:7407d947-6cc6-4936-910e-e70acc4979cc
[I 2026-09-18 14:26:29.003 ServerApp] Connecting to kernel 29e12df8-85cd-4cdd-9ba6-6ee975f51420.
[I 2026-09-18 14:26:29.003 ServerApp] Restoring connection for 29e12df8-85cd-4cdd-9ba6-6ee975f51420:7407d947-6cc6-4936-910e-e70acc4979cc
[I 2026-09-18 14:26:41.783 ServerApp] Saving file at /train.ipynb
[I 2026-09-18 14:27:31.407 ServerApp] Kernel restarted: 29e12df8-85cd-4cdd-9ba6-6ee975f51420
[I 2026-09-18 14:27:31.530 ServerApp] Starting buffering for 29e12df8-85cd-4cdd-9ba6-6ee975f51420:7407d947-6cc6-4936-910e-e70acc4979cc
[I 2026-09-18 14:27:31.643 ServerApp] Connecting to kernel 29e12df8-85cd-4cdd-9ba6-6ee975f51420.
[I 2026-09-18 14:27:31.643 ServerApp] Restoring connection for 29e12df8-85cd-4cdd-9ba6-6ee975f51420:7407d947-6cc6-4936-910e-e70acc4979cc
[I 2026-09-18 14:27:43.946 ServerApp] Kernel restarted: 29e12df8-85cd-4cdd-9ba6-6ee975f51420
[I 2026-09-18 14:27:44.022 ServerApp] Starting buffering for 29e12df8-85cd-4cdd-9ba6-6ee975f51420:7407d947-6cc6-4936-910e-e70acc4979cc
[I 2026-09-18 14:27:44.191 ServerApp] Connecting to kernel 29e12df8-85cd-4cdd-9ba6-6ee975f51420.
[I 2026-09-18 14:27:44.191 ServerApp] Restoring connection for 29e12df8-85cd-4cdd-9ba6-6ee975f51420:7407d947-6cc6-4936-910e-e70acc4979cc
[I 2026-09-18 14:27:44.193 ServerApp] Replaying 3 buffered messages
[I 2026-09-18 14:28:01.699 ServerApp] Kernel restarted: 29e12df8-85cd-4cdd-9ba6-6ee975f51420
[I 2026-09-18 14:28:01.794 ServerApp] Starting buffering for 29e12df8-85cd-4cdd-9ba6-6ee975f51420:7407d947-6cc6-4936-910e-e70acc4979cc
[I 2026-09-18 14:28:01.890 ServerApp] Connecting to kernel 29e12df8-85cd-4cdd-9ba6-6ee975f51420.
[I 2026-09-18 14:28:01.890 ServerApp] Restoring connection for 29e12df8-85cd-4cdd-9ba6-6ee975f51420:7407d947-6cc6-4936-910e-e70acc4979cc
[I 2026-09-18 14:28:42.410 ServerApp] Saving file at /train.ipynb
[I 2026-09-18 14:29:12.295 ServerApp] Kernel restarted: 29e12df8-85cd-4cdd-9ba6-6ee975f51420
[I 2026-09-18 14:29:12.466 ServerApp] Starting buffering for 29e12df8-85cd-4cdd-9ba6-6ee975f51420:7407d947-6cc6-4936-910e-e70acc4979cc
[I 2026-09-18 14:29:12.634 ServerApp] Connecting to kernel 29e12df8-85cd-4cdd-9ba6-6ee975f51420.
[I 2026-09-18 14:29:12.634 ServerApp] Restoring connection for 29e12df8-85cd-4cdd-9ba6-6ee975f51420:7407d947-6cc6-4936-910e-e70acc4979cc
[I 2026-09-18 14:29:59.422 ServerApp] Kernel restarted: 29e12df8-85cd-4cdd-9ba6-6ee975f51420
[I 2026-09-18 14:29:59.545 ServerApp] Starting buffering for 29e12df8-85cd-4cdd-9ba6-6ee975f51420:7407d947-6cc6-4936-910e-e70acc4979cc
[I 2026-09-18 14:29:59.658 ServerApp] Connecting to kernel 29e12df8-85cd-4cdd-9ba6-6ee975f51420.
[I 2026-09-18 14:29:59.658 ServerApp] Restoring connection for 29e12df8-85cd-4cdd-9ba6-6ee975f51420:7407d947-6cc6-4936-910e-e70acc4979cc
[I 2026-09-18 14:30:43.099 ServerApp] Saving file at /train.ipynb
[I 2026-09-18 14:30:44.277 ServerApp] Kernel restarted: 29e12df8-85cd-4cdd-9ba6-6ee975f51420
[I 2026-09-18 14:30:44.353 ServerApp] Starting buffering for 29e12df8-85cd-4cdd-9ba6-6ee975f51420:7407d947-6cc6-4936-910e-e70acc4979cc
[I 2026-09-18 14:30:44.520 ServerApp] Connecting to kernel 29e12df8-85cd-4cdd-9ba6-6ee975f51420.
[I 2026-09-18 14:30:44.520 ServerApp] Restoring connection for 29e12df8-85cd-4cdd-9ba6-6ee975f51420:7407d947-6cc6-4936-910e-e70acc4979cc
[I 2026-09-18 14:32:00.144 ServerApp] Kernel restarted: 29e12df8-85cd-4cdd-9ba6-6ee975f51420
[I 2026-09-18 14:32:00.292 ServerApp] Starting buffering for 29e12df8-85cd-4cdd-9ba6-6ee975f51420:7407d947-6cc6-4936-910e-e70acc4979cc
[I 2026-09-18 14:32:00.458 ServerApp] Connecting to kernel 29e12df8-85cd-4cdd-9ba6-6ee975f51420.
[I 2026-09-18 14:32:00.458 ServerApp] Restoring connection for 29e12df8-85cd-4cdd-9ba6-6ee975f51420:7407d947-6cc6-4936-910e-e70acc4979cc
[I 2026-09-18 14:32:00.464 ServerApp] Replaying 3 buffered messages
[I 2026-09-18 14:32:23.272 ServerApp] Kernel interrupted: 29e12df8-85cd-4cdd-9ba6-6ee975f51420
[I 2026-09-18 14:32:23.514 ServerApp] Kernel interrupted: 29e12df8-85cd-4cdd-9ba6-6ee975f51420
[I 2026-09-18 14:32:43.992 ServerApp] Saving file at /train.ipynb
[I 2026-09-18 14:33:37.339 ServerApp] Kernel restarted: 29e12df8-85cd-4cdd-9ba6-6ee975f51420
[I 2026-09-18 14:33:37.473 ServerApp] Starting buffering for 29e12df8-85cd-4cdd-9ba6-6ee975f51420:7407d947-6cc6-4936-910e-e70acc4979cc
[I 2026-09-18 14:33:37.583 ServerApp] Connecting to kernel 29e12df8-85cd-4cdd-9ba6-6ee975f51420.
[I 2026-09-18 14:33:37.583 ServerApp] Restoring connection for 29e12df8-85cd-4cdd-9ba6-6ee975f51420:7407d947-6cc6-4936-910e-e70acc4979cc
[I 2026-09-18 14:34:00.198 ServerApp] Kernel interrupted: 29e12df8-85cd-4cdd-9ba6-6ee975f51420
[I 2026-09-18 14:34:44.664 ServerApp] Saving file at /train.ipynb
[I 2026-09-18 14:35:06.676 ServerApp] Kernel restarted: 29e12df8-85cd-4cdd-9ba6-6ee975f51420
[I 2026-09-18 14:35:06.774 ServerApp] Starting buffering for 29e12df8-85cd-4cdd-9ba6-6ee975f51420:7407d947-6cc6-4936-910e-e70acc4979cc
[I 2026-09-18 14:35:06.849 ServerApp] Connecting to kernel 29e12df8-85cd-4cdd-9ba6-6ee975f51420.
[I 2026-09-18 14:35:06.849 ServerApp] Restoring connection for 29e12df8-85cd-4cdd-9ba6-6ee975f51420:7407d947-6cc6-4936-910e-e70acc4979cc
[I 2026-09-18 14:35:27.699 ServerApp] Kernel interrupted: 29e12df8-85cd-4cdd-9ba6-6ee975f51420
[I 2026-09-18 14:35:48.802 ServerApp] Kernel restarted: 29e12df8-85cd-4cdd-9ba6-6ee975f51420
[I 2026-09-18 14:35:48.882 ServerApp] Starting buffering for 29e12df8-85cd-4cdd-9ba6-6ee975f51420:7407d947-6cc6-4936-910e-e70acc4979cc
[I 2026-09-18 14:35:49.044 ServerApp] Connecting to kernel 29e12df8-85cd-4cdd-9ba6-6ee975f51420.
[I 2026-09-18 14:35:49.044 ServerApp] Restoring connection for 29e12df8-85cd-4cdd-9ba6-6ee975f51420:7407d947-6cc6-4936-910e-e70acc4979cc
[I 2026-09-18 14:36:21.508 ServerApp] Kernel interrupted: 29e12df8-85cd-4cdd-9ba6-6ee975f51420
[I 2026-09-18 14:36:45.476 ServerApp] Saving file at /train.ipynb
[I 2026-09-18 14:38:07.690 ServerApp] Kernel restarted: 29e12df8-85cd-4cdd-9ba6-6ee975f51420
[I 2026-09-18 14:38:07.773 ServerApp] Starting buffering for 29e12df8-85cd-4cdd-9ba6-6ee975f51420:7407d947-6cc6-4936-910e-e70acc4979cc
[I 2026-09-18 14:38:07.935 ServerApp] Connecting to kernel 29e12df8-85cd-4cdd-9ba6-6ee975f51420.
[I 2026-09-18 14:38:07.935 ServerApp] Restoring connection for 29e12df8-85cd-4cdd-9ba6-6ee975f51420:7407d947-6cc6-4936-910e-e70acc4979cc
[I 2026-09-18 14:38:27.323 ServerApp] Kernel interrupted: 29e12df8-85cd-4cdd-9ba6-6ee975f51420
[I 2026-09-18 14:38:46.268 ServerApp] Saving file at /train.ipynb
[I 2026-09-18 14:40:59.499 ServerApp] Kernel restarted: 29e12df8-85cd-4cdd-9ba6-6ee975f51420
[I 2026-09-18 14:40:59.579 ServerApp] Starting buffering for 29e12df8-85cd-4cdd-9ba6-6ee975f51420:7407d947-6cc6-4936-910e-e70acc4979cc
[I 2026-09-18 14:40:59.740 ServerApp] Connecting to kernel 29e12df8-85cd-4cdd-9ba6-6ee975f51420.
[I 2026-09-18 14:40:59.741 ServerApp] Restoring connection for 29e12df8-85cd-4cdd-9ba6-6ee975f51420:7407d947-6cc6-4936-910e-e70acc4979cc
[I 2026-09-18 14:41:22.741 ServerApp] Kernel restarted: 29e12df8-85cd-4cdd-9ba6-6ee975f51420
[I 2026-09-18 14:41:23.055 ServerApp] Starting buffering for 29e12df8-85cd-4cdd-9ba6-6ee975f51420:7407d947-6cc6-4936-910e-e70acc4979cc
[I 2026-09-18 14:41:23.171 ServerApp] Connecting to kernel 29e12df8-85cd-4cdd-9ba6-6ee975f51420.
[I 2026-09-18 14:41:23.171 ServerApp] Restoring connection for 29e12df8-85cd-4cdd-9ba6-6ee975f51420:7407d947-6cc6-4936-910e-e70acc4979cc
[I 2026-09-18 14:42:15.562 ServerApp] Kernel restarted: 29e12df8-85cd-4cdd-9ba6-6ee975f51420
[I 2026-09-18 14:42:15.668 ServerApp] Starting buffering for 29e12df8-85cd-4cdd-9ba6-6ee975f51420:7407d947-6cc6-4936-910e-e70acc4979cc
[I 2026-09-18 14:42:15.830 ServerApp] Connecting to kernel 29e12df8-85cd-4cdd-9ba6-6ee975f51420.
[I 2026-09-18 14:42:15.830 ServerApp] Restoring connection for 29e12df8-85cd-4cdd-9ba6-6ee975f51420:7407d947-6cc6-4936-910e-e70acc4979cc
[I 2026-09-18 14:42:15.837 ServerApp] Replaying 1 buffered messages
[I 2026-09-18 14:42:47.050 ServerApp] Saving file at /train.ipynb
[I 2026-09-18 14:43:27.171 ServerApp] Kernel restarted: 29e12df8-85cd-4cdd-9ba6-6ee975f51420
[I 2026-09-18 14:43:27.245 ServerApp] Starting buffering for 29e12df8-85cd-4cdd-9ba6-6ee975f51420:7407d947-6cc6-4936-910e-e70acc4979cc
[I 2026-09-18 14:43:27.406 ServerApp] Connecting to kernel 29e12df8-85cd-4cdd-9ba6-6ee975f51420.
[I 2026-09-18 14:43:27.406 ServerApp] Restoring connection for 29e12df8-85cd-4cdd-9ba6-6ee975f51420:7407d947-6cc6-4936-910e-e70acc4979cc
[I 2026-09-18 14:44:02.442 ServerApp] Kernel restarted: 29e12df8-85cd-4cdd-9ba6-6ee975f51420
[I 2026-09-18 14:44:02.516 ServerApp] Starting buffering for 29e12df8-85cd-4cdd-9ba6-6ee975f51420:7407d947-6cc6-4936-910e-e70acc4979cc
[I 2026-09-18 14:44:02.676 ServerApp] Connecting to kernel 29e12df8-85cd-4cdd-9ba6-6ee975f51420.
[I 2026-09-18 14:44:02.676 ServerApp] Restoring connection for 29e12df8-85cd-4cdd-9ba6-6ee975f51420:7407d947-6cc6-4936-910e-e70acc4979cc
[I 2026-09-18 14:44:02.684 ServerApp] Replaying 1 buffered messages
[I 2026-09-18 14:44:20.009 ServerApp] Kernel interrupted: 29e12df8-85cd-4cdd-9ba6-6ee975f51420
[I 2026-09-18 14:44:47.907 ServerApp] Saving file at /train.ipynb
[I 2026-09-18 14:46:25.529 ServerApp] Kernel restarted: 29e12df8-85cd-4cdd-9ba6-6ee975f51420
[I 2026-09-18 14:46:25.659 ServerApp] Starting buffering for 29e12df8-85cd-4cdd-9ba6-6ee975f51420:7407d947-6cc6-4936-910e-e70acc4979cc
[I 2026-09-18 14:46:25.769 ServerApp] Connecting to kernel 29e12df8-85cd-4cdd-9ba6-6ee975f51420.
[I 2026-09-18 14:46:25.769 ServerApp] Restoring connection for 29e12df8-85cd-4cdd-9ba6-6ee975f51420:7407d947-6cc6-4936-910e-e70acc4979cc
[I 2026-09-18 14:46:25.780 ServerApp] Replaying 1 buffered messages
[I 2026-09-18 14:46:48.593 ServerApp] Saving file at /train.ipynb
[I 2026-09-18 14:47:02.163 ServerApp] Kernel restarted: 29e12df8-85cd-4cdd-9ba6-6ee975f51420
[I 2026-09-18 14:47:02.271 ServerApp] Starting buffering for 29e12df8-85cd-4cdd-9ba6-6ee975f51420:7407d947-6cc6-4936-910e-e70acc4979cc
[I 2026-09-18 14:47:02.431 ServerApp] Connecting to kernel 29e12df8-85cd-4cdd-9ba6-6ee975f51420.
[I 2026-09-18 14:47:02.431 ServerApp] Restoring connection for 29e12df8-85cd-4cdd-9ba6-6ee975f51420:7407d947-6cc6-4936-910e-e70acc4979cc
[I 2026-09-18 14:47:22.283 ServerApp] Kernel restarted: 29e12df8-85cd-4cdd-9ba6-6ee975f51420
[I 2026-09-18 14:47:22.571 ServerApp] Starting buffering for 29e12df8-85cd-4cdd-9ba6-6ee975f51420:7407d947-6cc6-4936-910e-e70acc4979cc
[I 2026-09-18 14:47:22.646 ServerApp] Connecting to kernel 29e12df8-85cd-4cdd-9ba6-6ee975f51420.
[I 2026-09-18 14:47:22.646 ServerApp] Restoring connection for 29e12df8-85cd-4cdd-9ba6-6ee975f51420:7407d947-6cc6-4936-910e-e70acc4979cc
[I 2026-09-18 14:48:09.504 ServerApp] Kernel restarted: 29e12df8-85cd-4cdd-9ba6-6ee975f51420
[I 2026-09-18 14:48:09.685 ServerApp] Starting buffering for 29e12df8-85cd-4cdd-9ba6-6ee975f51420:7407d947-6cc6-4936-910e-e70acc4979cc
[I 2026-09-18 14:48:09.880 ServerApp] Connecting to kernel 29e12df8-85cd-4cdd-9ba6-6ee975f51420.
[I 2026-09-18 14:48:09.880 ServerApp] Restoring connection for 29e12df8-85cd-4cdd-9ba6-6ee975f51420:7407d947-6cc6-4936-910e-e70acc4979cc
[I 2026-09-18 14:48:09.894 ServerApp] Replaying 3 buffered messages
[I 2026-09-18 14:48:29.261 ServerApp] Kernel restarted: 29e12df8-85cd-4cdd-9ba6-6ee975f51420
[I 2026-09-18 14:48:29.462 ServerApp] Starting buffering for 29e12df8-85cd-4cdd-9ba6-6ee975f51420:7407d947-6cc6-4936-910e-e70acc4979cc
[I 2026-09-18 14:48:29.589 ServerApp] Connecting to kernel 29e12df8-85cd-4cdd-9ba6-6ee975f51420.
[I 2026-09-18 14:48:29.589 ServerApp] Restoring connection for 29e12df8-85cd-4cdd-9ba6-6ee975f51420:7407d947-6cc6-4936-910e-e70acc4979cc
[I 2026-09-18 14:48:45.451 ServerApp] Kernel restarted: 29e12df8-85cd-4cdd-9ba6-6ee975f51420
[I 2026-09-18 14:48:45.525 ServerApp] Starting buffering for 29e12df8-85cd-4cdd-9ba6-6ee975f51420:7407d947-6cc6-4936-910e-e70acc4979cc
[I 2026-09-18 14:48:45.686 ServerApp] Connecting to kernel 29e12df8-85cd-4cdd-9ba6-6ee975f51420.
[I 2026-09-18 14:48:45.686 ServerApp] Restoring connection for 29e12df8-85cd-4cdd-9ba6-6ee975f51420:7407d947-6cc6-4936-910e-e70acc4979cc
[I 2026-09-18 14:48:45.688 ServerApp] Replaying 1 buffered messages
[I 2026-09-18 14:48:49.308 ServerApp] Saving file at /train.ipynb
[I 2026-09-18 14:50:21.507 ServerApp] Kernel restarted: 29e12df8-85cd-4cdd-9ba6-6ee975f51420
[I 2026-09-18 14:50:21.601 ServerApp] Starting buffering for 29e12df8-85cd-4cdd-9ba6-6ee975f51420:7407d947-6cc6-4936-910e-e70acc4979cc
[I 2026-09-18 14:50:21.679 ServerApp] Connecting to kernel 29e12df8-85cd-4cdd-9ba6-6ee975f51420.
[I 2026-09-18 14:50:21.679 ServerApp] Restoring connection for 29e12df8-85cd-4cdd-9ba6-6ee975f51420:7407d947-6cc6-4936-910e-e70acc4979cc
[I 2026-09-18 14:50:50.712 ServerApp] Saving file at /train.ipynb
[I 2026-09-18 14:52:49.970 ServerApp] Kernel restarted: 29e12df8-85cd-4cdd-9ba6-6ee975f51420
[I 2026-09-18 14:52:50.083 ServerApp] Starting buffering for 29e12df8-85cd-4cdd-9ba6-6ee975f51420:7407d947-6cc6-4936-910e-e70acc4979cc
[I 2026-09-18 14:52:50.246 ServerApp] Connecting to kernel 29e12df8-85cd-4cdd-9ba6-6ee975f51420.
[I 2026-09-18 14:52:50.246 ServerApp] Restoring connection for 29e12df8-85cd-4cdd-9ba6-6ee975f51420:7407d947-6cc6-4936-910e-e70acc4979cc
[I 2026-09-18 14:52:50.257 ServerApp] Replaying 3 buffered messages
[I 2026-09-18 14:52:51.311 ServerApp] Saving file at /train.ipynb
[I 2026-09-18 14:53:31.283 ServerApp] Kernel restarted: 29e12df8-85cd-4cdd-9ba6-6ee975f51420
[I 2026-09-18 14:53:31.427 ServerApp] Starting buffering for 29e12df8-85cd-4cdd-9ba6-6ee975f51420:7407d947-6cc6-4936-910e-e70acc4979cc
[I 2026-09-18 14:53:31.588 ServerApp] Connecting to kernel 29e12df8-85cd-4cdd-9ba6-6ee975f51420.
[I 2026-09-18 14:53:31.588 ServerApp] Restoring connection for 29e12df8-85cd-4cdd-9ba6-6ee975f51420:7407d947-6cc6-4936-910e-e70acc4979cc
[I 2026-09-18 14:54:11.747 ServerApp] Kernel restarted: 29e12df8-85cd-4cdd-9ba6-6ee975f51420
[I 2026-09-18 14:54:11.821 ServerApp] Starting buffering for 29e12df8-85cd-4cdd-9ba6-6ee975f51420:7407d947-6cc6-4936-910e-e70acc4979cc
[I 2026-09-18 14:54:11.982 ServerApp] Connecting to kernel 29e12df8-85cd-4cdd-9ba6-6ee975f51420.
[I 2026-09-18 14:54:11.982 ServerApp] Restoring connection for 29e12df8-85cd-4cdd-9ba6-6ee975f51420:7407d947-6cc6-4936-910e-e70acc4979cc
[I 2026-09-18 14:54:42.752 ServerApp] Kernel restarted: 29e12df8-85cd-4cdd-9ba6-6ee975f51420
[I 2026-09-18 14:54:42.854 ServerApp] Starting buffering for 29e12df8-85cd-4cdd-9ba6-6ee975f51420:7407d947-6cc6-4936-910e-e70acc4979cc
[I 2026-09-18 14:54:43.015 ServerApp] Connecting to kernel 29e12df8-85cd-4cdd-9ba6-6ee975f51420.
[I 2026-09-18 14:54:43.015 ServerApp] Restoring connection for 29e12df8-85cd-4cdd-9ba6-6ee975f51420:7407d947-6cc6-4936-910e-e70acc4979cc
[I 2026-09-18 14:54:43.021 ServerApp] Replaying 1 buffered messages
[I 2026-09-18 14:54:52.055 ServerApp] Saving file at /train.ipynb
[I 2026-09-18 14:55:04.075 ServerApp] Kernel restarted: 29e12df8-85cd-4cdd-9ba6-6ee975f51420
[I 2026-09-18 14:55:04.243 ServerApp] Starting buffering for 29e12df8-85cd-4cdd-9ba6-6ee975f51420:7407d947-6cc6-4936-910e-e70acc4979cc
[I 2026-09-18 14:55:04.403 ServerApp] Connecting to kernel 29e12df8-85cd-4cdd-9ba6-6ee975f51420.
[I 2026-09-18 14:55:04.403 ServerApp] Restoring connection for 29e12df8-85cd-4cdd-9ba6-6ee975f51420:7407d947-6cc6-4936-910e-e70acc4979cc
[I 2026-09-18 14:55:44.642 ServerApp] Kernel restarted: 29e12df8-85cd-4cdd-9ba6-6ee975f51420
[I 2026-09-18 14:55:44.764 ServerApp] Starting buffering for 29e12df8-85cd-4cdd-9ba6-6ee975f51420:7407d947-6cc6-4936-910e-e70acc4979cc
[I 2026-09-18 14:55:44.873 ServerApp] Connecting to kernel 29e12df8-85cd-4cdd-9ba6-6ee975f51420.
[I 2026-09-18 14:55:44.873 ServerApp] Restoring connection for 29e12df8-85cd-4cdd-9ba6-6ee975f51420:7407d947-6cc6-4936-910e-e70acc4979cc
[I 2026-09-18 14:56:32.079 ServerApp] Kernel restarted: 29e12df8-85cd-4cdd-9ba6-6ee975f51420
[I 2026-09-18 14:56:32.505 ServerApp] Starting buffering for 29e12df8-85cd-4cdd-9ba6-6ee975f51420:7407d947-6cc6-4936-910e-e70acc4979cc
[I 2026-09-18 14:56:32.699 ServerApp] Connecting to kernel 29e12df8-85cd-4cdd-9ba6-6ee975f51420.
[I 2026-09-18 14:56:32.699 ServerApp] Restoring connection for 29e12df8-85cd-4cdd-9ba6-6ee975f51420:7407d947-6cc6-4936-910e-e70acc4979cc
[I 2026-09-18 14:56:52.658 ServerApp] Saving file at /train.ipynb
[I 2026-09-18 14:58:53.473 ServerApp] Saving file at /train.ipynb
[I 2026-09-18 15:00:54.319 ServerApp] Saving file at /train.ipynb
[I 2026-09-18 15:02:33.486 ServerApp] Starting buffering for 29e12df8-85cd-4cdd-9ba6-6ee975f51420:7407d947-6cc6-4936-910e-e70acc4979cc
[I 2026-09-18 16:31:41.698 ServerApp] 302 GET / (@::1) 0.20ms
[I 2026-09-18 16:31:43.642 ServerApp] Connecting to kernel 29e12df8-85cd-4cdd-9ba6-6ee975f51420.
[I 2026-09-18 16:31:43.642 ServerApp] Discarding 11142 buffered messages for 29e12df8-85cd-4cdd-9ba6-6ee975f51420:7407d947-6cc6-4936-910e-e70acc4979cc
[I 2026-09-18 16:31:43.941 ServerApp] Starting buffering for 29e12df8-85cd-4cdd-9ba6-6ee975f51420:c117dcc1-9f9c-4084-93b6-d2e3d8f3500f
[I 2026-09-18 16:31:53.651 ServerApp] Connecting to kernel 29e12df8-85cd-4cdd-9ba6-6ee975f51420.
[I 2026-09-18 16:31:54.288 ServerApp] Starting buffering for 29e12df8-85cd-4cdd-9ba6-6ee975f51420:3df31a01-33d1-4a7c-8aa7-0216a14bf687
[I 2026-09-18 16:31:54.572 ServerApp] Connecting to kernel 29e12df8-85cd-4cdd-9ba6-6ee975f51420.
[I 2026-09-18 16:32:31.294 ServerApp] Kernel restarted: 29e12df8-85cd-4cdd-9ba6-6ee975f51420
[I 2026-09-18 16:32:31.398 ServerApp] Starting buffering for 29e12df8-85cd-4cdd-9ba6-6ee975f51420:343bda89-47e2-4003-aaff-53010af86c25
[I 2026-09-18 16:32:31.504 ServerApp] Connecting to kernel 29e12df8-85cd-4cdd-9ba6-6ee975f51420.
[I 2026-09-18 16:32:31.504 ServerApp] Restoring connection for 29e12df8-85cd-4cdd-9ba6-6ee975f51420:343bda89-47e2-4003-aaff-53010af86c25
[I 2026-09-18 16:33:02.241 ServerApp] Kernel restarted: 29e12df8-85cd-4cdd-9ba6-6ee975f51420
[I 2026-09-18 16:33:02.376 ServerApp] Starting buffering for 29e12df8-85cd-4cdd-9ba6-6ee975f51420:343bda89-47e2-4003-aaff-53010af86c25
[I 2026-09-18 16:33:02.535 ServerApp] Connecting to kernel 29e12df8-85cd-4cdd-9ba6-6ee975f51420.
[I 2026-09-18 16:33:02.535 ServerApp] Restoring connection for 29e12df8-85cd-4cdd-9ba6-6ee975f51420:343bda89-47e2-4003-aaff-53010af86c25
[I 2026-09-18 16:33:54.707 ServerApp] Saving file at /train.ipynb
[I 2026-09-18 16:35:55.365 ServerApp] Saving file at /train.ipynb
[I 2026-09-18 16:36:10.013 ServerApp] Kernel restarted: 29e12df8-85cd-4cdd-9ba6-6ee975f51420
[I 2026-09-18 16:36:10.103 ServerApp] Starting buffering for 29e12df8-85cd-4cdd-9ba6-6ee975f51420:343bda89-47e2-4003-aaff-53010af86c25
[I 2026-09-18 16:36:10.263 ServerApp] Connecting to kernel 29e12df8-85cd-4cdd-9ba6-6ee975f51420.
[I 2026-09-18 16:36:10.263 ServerApp] Restoring connection for 29e12df8-85cd-4cdd-9ba6-6ee975f51420:343bda89-47e2-4003-aaff-53010af86c25
[I 2026-09-18 16:36:10.266 ServerApp] Replaying 3 buffered messages
[I 2026-09-18 16:37:56.713 ServerApp] Saving file at /train.ipynb
[I 2026-09-18 16:39:25.645 ServerApp] Kernel restarted: 29e12df8-85cd-4cdd-9ba6-6ee975f51420
[I 2026-09-18 16:39:25.742 ServerApp] Starting buffering for 29e12df8-85cd-4cdd-9ba6-6ee975f51420:343bda89-47e2-4003-aaff-53010af86c25
[I 2026-09-18 16:39:25.894 ServerApp] Connecting to kernel 29e12df8-85cd-4cdd-9ba6-6ee975f51420.
[I 2026-09-18 16:39:25.894 ServerApp] Restoring connection for 29e12df8-85cd-4cdd-9ba6-6ee975f51420:343bda89-47e2-4003-aaff-53010af86c25
[I 2026-09-18 16:39:57.326 ServerApp] Saving file at /train.ipynb
[I 2026-09-18 16:43:14.481 ServerApp] Saving file at /train.ipynb
[I 2026-09-18 16:43:55.898 ServerApp] Kernel restarted: 29e12df8-85cd-4cdd-9ba6-6ee975f51420
[I 2026-09-18 16:43:56.035 ServerApp] Starting buffering for 29e12df8-85cd-4cdd-9ba6-6ee975f51420:343bda89-47e2-4003-aaff-53010af86c25
[I 2026-09-18 16:43:56.196 ServerApp] Connecting to kernel 29e12df8-85cd-4cdd-9ba6-6ee975f51420.
[I 2026-09-18 16:43:56.196 ServerApp] Restoring connection for 29e12df8-85cd-4cdd-9ba6-6ee975f51420:343bda89-47e2-4003-aaff-53010af86c25
[I 2026-09-18 16:43:56.211 ServerApp] Replaying 3 buffered messages
[I 2026-09-18 16:45:15.358 ServerApp] Saving file at /train.ipynb
[I 2026-09-18 16:45:26.066 ServerApp] Kernel restarted: 29e12df8-85cd-4cdd-9ba6-6ee975f51420
[I 2026-09-18 16:45:26.190 ServerApp] Starting buffering for 29e12df8-85cd-4cdd-9ba6-6ee975f51420:343bda89-47e2-4003-aaff-53010af86c25
[I 2026-09-18 16:45:26.348 ServerApp] Connecting to kernel 29e12df8-85cd-4cdd-9ba6-6ee975f51420.
[I 2026-09-18 16:45:26.348 ServerApp] Restoring connection for 29e12df8-85cd-4cdd-9ba6-6ee975f51420:343bda89-47e2-4003-aaff-53010af86c25
[I 2026-09-18 16:46:37.780 ServerApp] Kernel restarted: 29e12df8-85cd-4cdd-9ba6-6ee975f51420
[I 2026-09-18 16:46:37.853 ServerApp] Starting buffering for 29e12df8-85cd-4cdd-9ba6-6ee975f51420:343bda89-47e2-4003-aaff-53010af86c25
[I 2026-09-18 16:46:38.012 ServerApp] Connecting to kernel 29e12df8-85cd-4cdd-9ba6-6ee975f51420.
[I 2026-09-18 16:46:38.012 ServerApp] Restoring connection for 29e12df8-85cd-4cdd-9ba6-6ee975f51420:343bda89-47e2-4003-aaff-53010af86c25
[I 2026-09-18 16:47:17.006 ServerApp] Saving file at /train.ipynb
[I 2026-09-18 16:49:18.962 ServerApp] Saving file at /train.ipynb
[I 2026-09-18 16:50:25.032 ServerApp] Kernel restarted: 29e12df8-85cd-4cdd-9ba6-6ee975f51420
[I 2026-09-18 16:50:25.193 ServerApp] Starting buffering for 29e12df8-85cd-4cdd-9ba6-6ee975f51420:343bda89-47e2-4003-aaff-53010af86c25
[I 2026-09-18 16:50:25.307 ServerApp] Connecting to kernel 29e12df8-85cd-4cdd-9ba6-6ee975f51420.
[I 2026-09-18 16:50:25.307 ServerApp] Restoring connection for 29e12df8-85cd-4cdd-9ba6-6ee975f51420:343bda89-47e2-4003-aaff-53010af86c25
[I 2026-09-18 16:51:20.086 ServerApp] Saving file at /train.ipynb
[I 2026-09-18 16:53:20.862 ServerApp] Saving file at /train.ipynb
[W 2026-09-18 16:53:20.881 ServerApp] /home/baris/database_transformer/.~train.ipynb doesn't exist
[I 2026-09-18 16:53:28.796 ServerApp] Kernel restarted: 29e12df8-85cd-4cdd-9ba6-6ee975f51420
[I 2026-09-18 16:53:28.870 ServerApp] Starting buffering for 29e12df8-85cd-4cdd-9ba6-6ee975f51420:343bda89-47e2-4003-aaff-53010af86c25
[I 2026-09-18 16:53:29.030 ServerApp] Connecting to kernel 29e12df8-85cd-4cdd-9ba6-6ee975f51420.
[I 2026-09-18 16:53:29.030 ServerApp] Restoring connection for 29e12df8-85cd-4cdd-9ba6-6ee975f51420:343bda89-47e2-4003-aaff-53010af86c25
[I 2026-09-18 16:53:29.035 ServerApp] Replaying 1 buffered messages
[I 2026-09-18 16:54:20.949 ServerApp] Kernel restarted: 29e12df8-85cd-4cdd-9ba6-6ee975f51420
[I 2026-09-18 16:54:21.183 ServerApp] Starting buffering for 29e12df8-85cd-4cdd-9ba6-6ee975f51420:343bda89-47e2-4003-aaff-53010af86c25
[I 2026-09-18 16:54:21.298 ServerApp] Connecting to kernel 29e12df8-85cd-4cdd-9ba6-6ee975f51420.
[I 2026-09-18 16:54:21.298 ServerApp] Restoring connection for 29e12df8-85cd-4cdd-9ba6-6ee975f51420:343bda89-47e2-4003-aaff-53010af86c25
[I 2026-09-18 16:55:00.872 ServerApp] Kernel restarted: 29e12df8-85cd-4cdd-9ba6-6ee975f51420
[I 2026-09-18 16:55:00.945 ServerApp] Starting buffering for 29e12df8-85cd-4cdd-9ba6-6ee975f51420:343bda89-47e2-4003-aaff-53010af86c25
[I 2026-09-18 16:55:01.104 ServerApp] Connecting to kernel 29e12df8-85cd-4cdd-9ba6-6ee975f51420.
[I 2026-09-18 16:55:01.104 ServerApp] Restoring connection for 29e12df8-85cd-4cdd-9ba6-6ee975f51420:343bda89-47e2-4003-aaff-53010af86c25
[I 2026-09-18 16:55:21.603 ServerApp] Saving file at /train.ipynb
[W 2026-09-18 16:55:21.625 ServerApp] /home/baris/database_transformer/.~train.ipynb doesn't exist
[I 2026-09-18 16:55:22.581 ServerApp] Kernel restarted: 29e12df8-85cd-4cdd-9ba6-6ee975f51420
[I 2026-09-18 16:55:22.660 ServerApp] Starting buffering for 29e12df8-85cd-4cdd-9ba6-6ee975f51420:343bda89-47e2-4003-aaff-53010af86c25
[I 2026-09-18 16:55:22.821 ServerApp] Connecting to kernel 29e12df8-85cd-4cdd-9ba6-6ee975f51420.
[I 2026-09-18 16:55:22.821 ServerApp] Restoring connection for 29e12df8-85cd-4cdd-9ba6-6ee975f51420:343bda89-47e2-4003-aaff-53010af86c25
[I 2026-09-18 16:56:50.940 ServerApp] Kernel restarted: 29e12df8-85cd-4cdd-9ba6-6ee975f51420
[I 2026-09-18 16:56:51.032 ServerApp] Starting buffering for 29e12df8-85cd-4cdd-9ba6-6ee975f51420:343bda89-47e2-4003-aaff-53010af86c25
[I 2026-09-18 16:56:51.128 ServerApp] Connecting to kernel 29e12df8-85cd-4cdd-9ba6-6ee975f51420.
[I 2026-09-18 16:56:51.128 ServerApp] Restoring connection for 29e12df8-85cd-4cdd-9ba6-6ee975f51420:343bda89-47e2-4003-aaff-53010af86c25
[I 2026-09-18 16:57:22.454 ServerApp] Saving file at /train.ipynb
[I 2026-09-18 16:57:53.026 ServerApp] Kernel restarted: 29e12df8-85cd-4cdd-9ba6-6ee975f51420
[I 2026-09-18 16:57:53.170 ServerApp] Starting buffering for 29e12df8-85cd-4cdd-9ba6-6ee975f51420:343bda89-47e2-4003-aaff-53010af86c25
[I 2026-09-18 16:57:53.329 ServerApp] Connecting to kernel 29e12df8-85cd-4cdd-9ba6-6ee975f51420.
[I 2026-09-18 16:57:53.329 ServerApp] Restoring connection for 29e12df8-85cd-4cdd-9ba6-6ee975f51420:343bda89-47e2-4003-aaff-53010af86c25
In file included from /home/baris/anaconda3/envs/py311/include/python3.11/Python.h:12,
                 from /tmp/tmp2r9fbcy5/__triton_launcher.c:7:
/home/baris/anaconda3/envs/py311/include/python3.11/pyconfig.h:1793:9: warning: ‘_POSIX_C_SOURCE’ redefined
 1793 | #define _POSIX_C_SOURCE 200809L
      |         ^~~~~~~~~~~~~~~
In file included from /usr/include/bits/libc-header-start.h:33,
                 from /usr/include/stdlib.h:26,
                 from /home/baris/anaconda3/envs/py311/lib/python3.11/site-packages/triton/backends/nvidia/include/cuda.h:56,
                 from /tmp/tmp2r9fbcy5/__triton_launcher.c:2:
/usr/include/features.h:319:10: note: this is the location of the previous definition
  319 | # define _POSIX_C_SOURCE        202405L
      |          ^~~~~~~~~~~~~~~
In file included from /home/baris/anaconda3/envs/py311/include/python3.11/Python.h:12,
                 from /tmp/tmp26ushqnp/__triton_launcher.c:7:
/home/baris/anaconda3/envs/py311/include/python3.11/pyconfig.h:1793:9: warning: ‘_POSIX_C_SOURCE’ redefined
 1793 | #define _POSIX_C_SOURCE 200809L
      |         ^~~~~~~~~~~~~~~
In file included from /usr/include/bits/libc-header-start.h:33,
                 from /usr/include/stdlib.h:26,
                 from /home/baris/anaconda3/envs/py311/lib/python3.11/site-packages/triton/backends/nvidia/include/cuda.h:56,
                 from /tmp/tmp26ushqnp/__triton_launcher.c:2:
/usr/include/features.h:319:10: note: this is the location of the previous definition
  319 | # define _POSIX_C_SOURCE        202405L
      |          ^~~~~~~~~~~~~~~
[I 2026-09-18 16:59:23.079 ServerApp] Saving file at /train.ipynb
[I 2026-09-18 17:01:15.414 ServerApp] Kernel restarted: 29e12df8-85cd-4cdd-9ba6-6ee975f51420
[I 2026-09-18 17:01:15.583 ServerApp] Starting buffering for 29e12df8-85cd-4cdd-9ba6-6ee975f51420:343bda89-47e2-4003-aaff-53010af86c25
[I 2026-09-18 17:01:15.743 ServerApp] Connecting to kernel 29e12df8-85cd-4cdd-9ba6-6ee975f51420.
[I 2026-09-18 17:01:15.743 ServerApp] Restoring connection for 29e12df8-85cd-4cdd-9ba6-6ee975f51420:343bda89-47e2-4003-aaff-53010af86c25
[I 2026-09-18 17:01:15.750 ServerApp] Replaying 3 buffered messages
[I 2026-09-18 17:01:24.006 ServerApp] Saving file at /train.ipynb
[I 2026-09-18 17:01:52.225 ServerApp] Kernel restarted: 29e12df8-85cd-4cdd-9ba6-6ee975f51420
[I 2026-09-18 17:01:52.322 ServerApp] Starting buffering for 29e12df8-85cd-4cdd-9ba6-6ee975f51420:343bda89-47e2-4003-aaff-53010af86c25
[I 2026-09-18 17:01:52.480 ServerApp] Connecting to kernel 29e12df8-85cd-4cdd-9ba6-6ee975f51420.
[I 2026-09-18 17:01:52.480 ServerApp] Restoring connection for 29e12df8-85cd-4cdd-9ba6-6ee975f51420:343bda89-47e2-4003-aaff-53010af86c25
[I 2026-09-18 17:02:38.989 ServerApp] Kernel restarted: 29e12df8-85cd-4cdd-9ba6-6ee975f51420
[I 2026-09-18 17:02:39.450 ServerApp] Starting buffering for 29e12df8-85cd-4cdd-9ba6-6ee975f51420:343bda89-47e2-4003-aaff-53010af86c25
[I 2026-09-18 17:02:39.524 ServerApp] Connecting to kernel 29e12df8-85cd-4cdd-9ba6-6ee975f51420.
[I 2026-09-18 17:02:39.524 ServerApp] Restoring connection for 29e12df8-85cd-4cdd-9ba6-6ee975f51420:343bda89-47e2-4003-aaff-53010af86c25
[I 2026-09-18 17:03:24.944 ServerApp] Saving file at /train.ipynb
[I 2026-09-18 17:04:57.206 ServerApp] Kernel restarted: 29e12df8-85cd-4cdd-9ba6-6ee975f51420
[I 2026-09-18 17:04:57.284 ServerApp] Starting buffering for 29e12df8-85cd-4cdd-9ba6-6ee975f51420:343bda89-47e2-4003-aaff-53010af86c25
[I 2026-09-18 17:04:57.359 ServerApp] Connecting to kernel 29e12df8-85cd-4cdd-9ba6-6ee975f51420.
[I 2026-09-18 17:04:57.359 ServerApp] Restoring connection for 29e12df8-85cd-4cdd-9ba6-6ee975f51420:343bda89-47e2-4003-aaff-53010af86c25
[I 2026-09-18 17:05:26.579 ServerApp] Saving file at /train.ipynb
[I 2026-09-18 17:06:32.814 ServerApp] Kernel restarted: 29e12df8-85cd-4cdd-9ba6-6ee975f51420
[I 2026-09-18 17:06:32.950 ServerApp] Starting buffering for 29e12df8-85cd-4cdd-9ba6-6ee975f51420:343bda89-47e2-4003-aaff-53010af86c25
[I 2026-09-18 17:06:33.058 ServerApp] Connecting to kernel 29e12df8-85cd-4cdd-9ba6-6ee975f51420.
[I 2026-09-18 17:06:33.058 ServerApp] Restoring connection for 29e12df8-85cd-4cdd-9ba6-6ee975f51420:343bda89-47e2-4003-aaff-53010af86c25
[I 2026-09-18 17:07:28.167 ServerApp] Saving file at /train.ipynb
[I 2026-09-18 17:08:02.861 ServerApp] Kernel restarted: 29e12df8-85cd-4cdd-9ba6-6ee975f51420
[I 2026-09-18 17:08:02.979 ServerApp] Starting buffering for 29e12df8-85cd-4cdd-9ba6-6ee975f51420:343bda89-47e2-4003-aaff-53010af86c25
[I 2026-09-18 17:08:03.138 ServerApp] Connecting to kernel 29e12df8-85cd-4cdd-9ba6-6ee975f51420.
[I 2026-09-18 17:08:03.138 ServerApp] Restoring connection for 29e12df8-85cd-4cdd-9ba6-6ee975f51420:343bda89-47e2-4003-aaff-53010af86c25
[I 2026-09-18 17:08:03.139 ServerApp] Replaying 1 buffered messages
[I 2026-09-18 17:08:39.342 ServerApp] Kernel restarted: 29e12df8-85cd-4cdd-9ba6-6ee975f51420
[I 2026-09-18 17:08:39.462 ServerApp] Starting buffering for 29e12df8-85cd-4cdd-9ba6-6ee975f51420:343bda89-47e2-4003-aaff-53010af86c25
[I 2026-09-18 17:08:39.569 ServerApp] Connecting to kernel 29e12df8-85cd-4cdd-9ba6-6ee975f51420.
[I 2026-09-18 17:08:39.569 ServerApp] Restoring connection for 29e12df8-85cd-4cdd-9ba6-6ee975f51420:343bda89-47e2-4003-aaff-53010af86c25
[I 2026-09-18 17:08:39.572 ServerApp] Replaying 3 buffered messages
[I 2026-09-18 17:09:28.997 ServerApp] Saving file at /train.ipynb
[I 2026-09-18 17:10:31.261 ServerApp] Kernel restarted: 29e12df8-85cd-4cdd-9ba6-6ee975f51420
[I 2026-09-18 17:10:31.341 ServerApp] Starting buffering for 29e12df8-85cd-4cdd-9ba6-6ee975f51420:343bda89-47e2-4003-aaff-53010af86c25
[I 2026-09-18 17:10:31.500 ServerApp] Connecting to kernel 29e12df8-85cd-4cdd-9ba6-6ee975f51420.
[I 2026-09-18 17:10:31.500 ServerApp] Restoring connection for 29e12df8-85cd-4cdd-9ba6-6ee975f51420:343bda89-47e2-4003-aaff-53010af86c25
[I 2026-09-18 17:10:31.507 ServerApp] Replaying 1 buffered messages
[I 2026-09-18 17:11:29.964 ServerApp] Saving file at /train.ipynb
[I 2026-09-18 17:12:12.860 ServerApp] Kernel restarted: 29e12df8-85cd-4cdd-9ba6-6ee975f51420
[I 2026-09-18 17:12:12.973 ServerApp] Starting buffering for 29e12df8-85cd-4cdd-9ba6-6ee975f51420:343bda89-47e2-4003-aaff-53010af86c25
[I 2026-09-18 17:12:13.132 ServerApp] Connecting to kernel 29e12df8-85cd-4cdd-9ba6-6ee975f51420.
[I 2026-09-18 17:12:13.132 ServerApp] Restoring connection for 29e12df8-85cd-4cdd-9ba6-6ee975f51420:343bda89-47e2-4003-aaff-53010af86c25
[I 2026-09-18 17:12:13.138 ServerApp] Replaying 3 buffered messages
In file included from /home/baris/anaconda3/envs/py311/include/python3.11/Python.h:12,
                 from /tmp/tmpgox_4hbt/__triton_launcher.c:7:
/home/baris/anaconda3/envs/py311/include/python3.11/pyconfig.h:1793:9: warning: ‘_POSIX_C_SOURCE’ redefined
 1793 | #define _POSIX_C_SOURCE 200809L
      |         ^~~~~~~~~~~~~~~
In file included from /usr/include/bits/libc-header-start.h:33,
                 from /usr/include/stdlib.h:26,
                 from /home/baris/anaconda3/envs/py311/lib/python3.11/site-packages/triton/backends/nvidia/include/cuda.h:56,
                 from /tmp/tmpgox_4hbt/__triton_launcher.c:2:
/usr/include/features.h:319:10: note: this is the location of the previous definition
  319 | # define _POSIX_C_SOURCE        202405L
      |          ^~~~~~~~~~~~~~~
In file included from /home/baris/anaconda3/envs/py311/include/python3.11/Python.h:12,
                 from /tmp/tmpd8b1gc3d/__triton_launcher.c:7:
/home/baris/anaconda3/envs/py311/include/python3.11/pyconfig.h:1793:9: warning: ‘_POSIX_C_SOURCE’ redefined
 1793 | #define _POSIX_C_SOURCE 200809L
      |         ^~~~~~~~~~~~~~~
In file included from /usr/include/bits/libc-header-start.h:33,
                 from /usr/include/stdlib.h:26,
                 from /home/baris/anaconda3/envs/py311/lib/python3.11/site-packages/triton/backends/nvidia/include/cuda.h:56,
                 from /tmp/tmpd8b1gc3d/__triton_launcher.c:2:
/usr/include/features.h:319:10: note: this is the location of the previous definition
  319 | # define _POSIX_C_SOURCE        202405L
      |          ^~~~~~~~~~~~~~~
[I 2026-09-18 17:13:30.924 ServerApp] Saving file at /train.ipynb
[I 2026-09-18 17:14:03.435 ServerApp] Kernel restarted: 29e12df8-85cd-4cdd-9ba6-6ee975f51420
[I 2026-09-18 17:14:03.548 ServerApp] Starting buffering for 29e12df8-85cd-4cdd-9ba6-6ee975f51420:343bda89-47e2-4003-aaff-53010af86c25
[I 2026-09-18 17:14:03.624 ServerApp] Connecting to kernel 29e12df8-85cd-4cdd-9ba6-6ee975f51420.
[I 2026-09-18 17:14:03.624 ServerApp] Restoring connection for 29e12df8-85cd-4cdd-9ba6-6ee975f51420:343bda89-47e2-4003-aaff-53010af86c25
[I 2026-09-18 17:15:32.668 ServerApp] Saving file at /train.ipynb
In file included from /home/baris/anaconda3/envs/py311/include/python3.11/Python.h:12,
                 from /tmp/tmpx2arhqk7/__triton_launcher.c:7:
/home/baris/anaconda3/envs/py311/include/python3.11/pyconfig.h:1793:9: warning: ‘_POSIX_C_SOURCE’ redefined
 1793 | #define _POSIX_C_SOURCE 200809L
      |         ^~~~~~~~~~~~~~~
In file included from /usr/include/bits/libc-header-start.h:33,
                 from /usr/include/stdlib.h:26,
                 from /home/baris/anaconda3/envs/py311/lib/python3.11/site-packages/triton/backends/nvidia/include/cuda.h:56,
                 from /tmp/tmpx2arhqk7/__triton_launcher.c:2:
/usr/include/features.h:319:10: note: this is the location of the previous definition
  319 | # define _POSIX_C_SOURCE        202405L
      |          ^~~~~~~~~~~~~~~
[I 2026-09-18 17:17:32.006 ServerApp] Kernel restarted: 29e12df8-85cd-4cdd-9ba6-6ee975f51420
[I 2026-09-18 17:17:32.110 ServerApp] Starting buffering for 29e12df8-85cd-4cdd-9ba6-6ee975f51420:343bda89-47e2-4003-aaff-53010af86c25
[I 2026-09-18 17:17:32.215 ServerApp] Connecting to kernel 29e12df8-85cd-4cdd-9ba6-6ee975f51420.
[I 2026-09-18 17:17:32.215 ServerApp] Restoring connection for 29e12df8-85cd-4cdd-9ba6-6ee975f51420:343bda89-47e2-4003-aaff-53010af86c25
[I 2026-09-18 17:17:33.253 ServerApp] Saving file at /train.ipynb
[I 2026-09-18 17:17:50.342 ServerApp] Saving file at /train.ipynb
[I 2026-09-18 17:17:51.168 ServerApp] Saving file at /train.ipynb
[I 2026-09-18 17:17:52.639 ServerApp] Saving file at /train.ipynb
[I 2026-09-18 17:17:53.481 ServerApp] Starting buffering for 29e12df8-85cd-4cdd-9ba6-6ee975f51420:343bda89-47e2-4003-aaff-53010af86c25
[C 2026-09-18 17:17:55.437 ServerApp] received signal 15, stopping
[I 2026-09-18 17:17:55.437 ServerApp] Shutting down 6 extensions
[I 2026-09-18 17:17:55.437 ServerApp] Shutting down 1 kernel
[I 2026-09-18 17:17:55.438 ServerApp] Kernel shutdown: 29e12df8-85cd-4cdd-9ba6-6ee975f51420
[I 2026-09-18 17:22:14.768 ServerApp] Extension package panel.io.jupyter_server_extension took 0.3218s to import
[I 2026-09-18 17:22:14.768 ServerApp] jupyter_lsp | extension was successfully linked.
[I 2026-09-18 17:22:14.770 ServerApp] jupyter_server_terminals | extension was successfully linked.
[I 2026-09-18 17:22:14.772 ServerApp] jupyterlab | extension was successfully linked.
[I 2026-09-18 17:22:14.773 ServerApp] notebook | extension was successfully linked.
[I 2026-09-18 17:22:14.893 ServerApp] notebook_shim | extension was successfully linked.
[I 2026-09-18 17:22:14.893 ServerApp] panel.io.jupyter_server_extension | extension was successfully linked.
[I 2026-09-18 17:22:14.900 ServerApp] notebook_shim | extension was successfully loaded.
[I 2026-09-18 17:22:14.901 ServerApp] jupyter_lsp | extension was successfully loaded.
[I 2026-09-18 17:22:14.901 ServerApp] jupyter_server_terminals | extension was successfully loaded.
[I 2026-09-18 17:22:14.902 LabApp] JupyterLab extension loaded from /home/baris/anaconda3/lib/python3.13/site-packages/jupyterlab
[I 2026-09-18 17:22:14.902 LabApp] JupyterLab application directory is /home/baris/anaconda3/share/jupyter/lab
[I 2026-09-18 17:22:14.902 LabApp] Extension Manager is 'pypi'.
[I 2026-09-18 17:22:14.923 ServerApp] jupyterlab | extension was successfully loaded.
[I 2026-09-18 17:22:14.924 ServerApp] notebook | extension was successfully loaded.
[I 2026-09-18 17:22:14.924 ServerApp] panel.io.jupyter_server_extension | extension was successfully loaded.
[I 2026-09-18 17:22:14.925 ServerApp] Serving notebooks from local directory: /home/baris/database_transformer
[I 2026-09-18 17:22:14.925 ServerApp] Jupyter Server 2.15.0 is running at:
[I 2026-09-18 17:22:14.925 ServerApp] http://localhost:8888/tree
[I 2026-09-18 17:22:14.925 ServerApp]     http://127.0.0.1:8888/tree
[I 2026-09-18 17:22:14.925 ServerApp] Use Control-C to stop this server and shut down all kernels (twice to skip confirmation).
[W 2026-09-18 17:22:14.926 ServerApp] No web browser found: Error('could not locate runnable browser').
[I 2026-09-18 17:22:14.990 ServerApp] Skipped non-installed server(s): bash-language-server, dockerfile-language-server-nodejs, javascript-typescript-langserver, jedi-language-server, julia-language-server, pyright, python-language-server, r-languageserver, sql-language-server, texlab, typescript-language-server, unified-language-server, vscode-css-languageserver-bin, vscode-html-languageserver-bin, vscode-json-languageserver-bin, yaml-language-server
[I 2026-09-18 17:22:15.410 ServerApp] Saving file at /train.ipynb
[I 2026-09-18 17:22:20.644 ServerApp] Kernel started: cc9dc0a9-f67a-4ca8-a360-fd6cd55c2e7b
[I 2026-09-18 17:22:20.949 ServerApp] Connecting to kernel cc9dc0a9-f67a-4ca8-a360-fd6cd55c2e7b.
[W 2026-09-18 17:22:20.950 ServerApp] The websocket_ping_timeout (90000) cannot be longer than the websocket_ping_interval (30000).
    Setting websocket_ping_timeout=30000
[I 2026-09-18 17:22:29.629 ServerApp] Connecting to kernel cc9dc0a9-f67a-4ca8-a360-fd6cd55c2e7b.
[IPKernelApp] ERROR | Exception in message handler:
Traceback (most recent call last):
  File "/home/baris/anaconda3/envs/py311/lib/python3.11/site-packages/ipykernel/kernelbase.py", line 471, in dispatch_shell
    await result
  File "/home/baris/anaconda3/envs/py311/lib/python3.11/site-packages/ipykernel/ipkernel.py", line 366, in execute_request
    await super().execute_request(stream, ident, parent)
  File "/home/baris/anaconda3/envs/py311/lib/python3.11/site-packages/ipykernel/kernelbase.py", line 850, in execute_request
    reply_msg: dict[str, t.Any] = self.session.send(  # type:ignore[assignment]
                                  ^^^^^^^^^^^^^^^^^^^^^^^^^^^^^^^^^^^^^^^^^^^^^
  File "/home/baris/anaconda3/envs/py311/lib/python3.11/site-packages/jupyter_client/session.py", line 863, in send
    stream.send_multipart(to_send, copy=copy)
  File "/home/baris/anaconda3/envs/py311/lib/python3.11/site-packages/zmq/sugar/socket.py", line 749, in send_multipart
    self.send(msg, zmq.SNDMORE | flags, copy=copy, track=track)
  File "/home/baris/anaconda3/envs/py311/lib/python3.11/site-packages/zmq/sugar/socket.py", line 698, in send
    return super().send(data, flags=flags, copy=copy, track=track)
           ^^^^^^^^^^^^^^^^^^^^^^^^^^^^^^^^^^^^^^^^^^^^^^^^^^^^^^^
  File "zmq/backend/cython/_zmq.py", line 1152, in zmq.backend.cython._zmq.Socket.send
  File "zmq/backend/cython/_zmq.py", line 1194, in zmq.backend.cython._zmq.Socket.send
  File "zmq/backend/cython/_zmq.py", line 1339, in zmq.backend.cython._zmq._check_closed
zmq.error.ZMQError: Socket operation on non-socket
[I 2026-09-18 17:23:00.168 ServerApp] Kernel restarted: cc9dc0a9-f67a-4ca8-a360-fd6cd55c2e7b
[I 2026-09-18 17:23:00.447 ServerApp] Connecting to kernel cc9dc0a9-f67a-4ca8-a360-fd6cd55c2e7b.
[I 2026-09-18 17:24:16.229 ServerApp] Saving file at /train.ipynb
[I 2026-09-18 17:25:39.743 ServerApp] Kernel restarted: cc9dc0a9-f67a-4ca8-a360-fd6cd55c2e7b
[I 2026-09-18 17:25:39.966 ServerApp] Connecting to kernel cc9dc0a9-f67a-4ca8-a360-fd6cd55c2e7b.
[I 2026-09-18 17:26:00.063 ServerApp] Kernel restarted: cc9dc0a9-f67a-4ca8-a360-fd6cd55c2e7b
[I 2026-09-18 17:26:00.245 ServerApp] Connecting to kernel cc9dc0a9-f67a-4ca8-a360-fd6cd55c2e7b.
[I 2026-09-18 17:26:16.894 ServerApp] Saving file at /train.ipynb
[I 2026-09-18 17:27:41.549 ServerApp] Kernel restarted: cc9dc0a9-f67a-4ca8-a360-fd6cd55c2e7b
[I 2026-09-18 17:27:41.776 ServerApp] Connecting to kernel cc9dc0a9-f67a-4ca8-a360-fd6cd55c2e7b.
[I 2026-09-18 17:28:17.633 ServerApp] Saving file at /train.ipynb
[I 2026-09-18 17:30:17.204 ServerApp] Kernel restarted: cc9dc0a9-f67a-4ca8-a360-fd6cd55c2e7b
[I 2026-09-18 17:30:17.548 ServerApp] Connecting to kernel cc9dc0a9-f67a-4ca8-a360-fd6cd55c2e7b.
[I 2026-09-18 17:30:18.401 ServerApp] Saving file at /train.ipynb
[I 2026-09-18 17:32:18.987 ServerApp] Saving file at /train.ipynb
[I 2026-09-18 17:33:18.787 ServerApp] Kernel restarted: cc9dc0a9-f67a-4ca8-a360-fd6cd55c2e7b
[I 2026-09-18 17:33:18.973 ServerApp] Connecting to kernel cc9dc0a9-f67a-4ca8-a360-fd6cd55c2e7b.
[I 2026-09-18 17:34:19.631 ServerApp] Saving file at /train.ipynb
[I 2026-09-18 17:35:56.252 ServerApp] Kernel restarted: cc9dc0a9-f67a-4ca8-a360-fd6cd55c2e7b
[I 2026-09-18 17:35:56.429 ServerApp] Connecting to kernel cc9dc0a9-f67a-4ca8-a360-fd6cd55c2e7b.
[I 2026-09-18 17:36:13.615 ServerApp] Kernel restarted: cc9dc0a9-f67a-4ca8-a360-fd6cd55c2e7b
[I 2026-09-18 17:36:13.858 ServerApp] Connecting to kernel cc9dc0a9-f67a-4ca8-a360-fd6cd55c2e7b.
[I 2026-09-18 17:36:20.299 ServerApp] Saving file at /train.ipynb
[I 2026-09-18 17:38:21.712 ServerApp] Saving file at /train.ipynb
[I 2026-09-18 17:40:37.245 ServerApp] Kernel restarted: cc9dc0a9-f67a-4ca8-a360-fd6cd55c2e7b
[I 2026-09-18 17:40:37.442 ServerApp] Connecting to kernel cc9dc0a9-f67a-4ca8-a360-fd6cd55c2e7b.
[I 2026-09-18 17:42:23.780 ServerApp] Saving file at /train.ipynb
[I 2026-09-18 17:42:29.522 ServerApp] Kernel restarted: cc9dc0a9-f67a-4ca8-a360-fd6cd55c2e7b
[I 2026-09-18 17:42:29.870 ServerApp] Connecting to kernel cc9dc0a9-f67a-4ca8-a360-fd6cd55c2e7b.
[I 2026-09-18 17:44:25.755 ServerApp] Saving file at /train.ipynb
[I 2026-09-18 17:45:22.969 ServerApp] Kernel restarted: cc9dc0a9-f67a-4ca8-a360-fd6cd55c2e7b
[I 2026-09-18 17:45:23.574 ServerApp] Connecting to kernel cc9dc0a9-f67a-4ca8-a360-fd6cd55c2e7b.
[I 2026-09-18 17:46:26.777 ServerApp] Saving file at /train.ipynb
[I 2026-09-18 17:47:26.293 ServerApp] Kernel restarted: cc9dc0a9-f67a-4ca8-a360-fd6cd55c2e7b
[I 2026-09-18 17:47:26.562 ServerApp] Connecting to kernel cc9dc0a9-f67a-4ca8-a360-fd6cd55c2e7b.
[I 2026-09-18 17:48:27.657 ServerApp] Saving file at /train.ipynb
[I 2026-09-18 17:49:52.468 ServerApp] Kernel restarted: cc9dc0a9-f67a-4ca8-a360-fd6cd55c2e7b
[I 2026-09-18 17:49:52.715 ServerApp] Connecting to kernel cc9dc0a9-f67a-4ca8-a360-fd6cd55c2e7b.
[I 2026-09-18 17:50:28.494 ServerApp] Saving file at /train.ipynb
[I 2026-09-18 17:52:29.954 ServerApp] Saving file at /train.ipynb
[I 2026-09-18 18:06:33.371 ServerApp] Saving file at /train.ipynb
[I 2026-09-18 19:26:54.413 ServerApp] Saving file at /train.ipynb
[I 2026-09-18 19:54:56.703 ServerApp] Saving file at /train.ipynb
[I 2026-09-18 20:00:57.577 ServerApp] Saving file at /train.ipynb
[I 2026-09-18 20:04:08.442 ServerApp] Saving file at /train.ipynb
[I 2026-09-18 20:06:48.238 ServerApp] Kernel restarted: cc9dc0a9-f67a-4ca8-a360-fd6cd55c2e7b
[I 2026-09-18 20:06:48.312 ServerApp] Starting buffering for cc9dc0a9-f67a-4ca8-a360-fd6cd55c2e7b:8799c605-e2b7-4208-98e2-c8b2c3ae6893
[I 2026-09-18 20:06:48.473 ServerApp] Connecting to kernel cc9dc0a9-f67a-4ca8-a360-fd6cd55c2e7b.
[I 2026-09-18 20:06:48.473 ServerApp] Restoring connection for cc9dc0a9-f67a-4ca8-a360-fd6cd55c2e7b:8799c605-e2b7-4208-98e2-c8b2c3ae6893
[I 2026-09-18 20:08:09.304 ServerApp] Saving file at /train.ipynb
[I 2026-09-18 20:21:07.983 ServerApp] Kernel restarted: cc9dc0a9-f67a-4ca8-a360-fd6cd55c2e7b
[I 2026-09-18 20:21:08.056 ServerApp] Starting buffering for cc9dc0a9-f67a-4ca8-a360-fd6cd55c2e7b:8799c605-e2b7-4208-98e2-c8b2c3ae6893
[I 2026-09-18 20:21:08.216 ServerApp] Connecting to kernel cc9dc0a9-f67a-4ca8-a360-fd6cd55c2e7b.
[I 2026-09-18 20:21:08.216 ServerApp] Restoring connection for cc9dc0a9-f67a-4ca8-a360-fd6cd55c2e7b:8799c605-e2b7-4208-98e2-c8b2c3ae6893
[I 2026-09-18 20:22:10.047 ServerApp] Saving file at /train.ipynb
[I 2026-09-18 20:23:37.244 ServerApp] Kernel restarted: cc9dc0a9-f67a-4ca8-a360-fd6cd55c2e7b
[I 2026-09-18 20:23:37.317 ServerApp] Starting buffering for cc9dc0a9-f67a-4ca8-a360-fd6cd55c2e7b:8799c605-e2b7-4208-98e2-c8b2c3ae6893
[I 2026-09-18 20:23:37.444 ServerApp] Connecting to kernel cc9dc0a9-f67a-4ca8-a360-fd6cd55c2e7b.
[I 2026-09-18 20:23:37.445 ServerApp] Restoring connection for cc9dc0a9-f67a-4ca8-a360-fd6cd55c2e7b:8799c605-e2b7-4208-98e2-c8b2c3ae6893
[I 2026-09-18 20:24:05.452 ServerApp] Saving file at /train.ipynb
[I 2026-09-18 20:26:05.976 ServerApp] Saving file at /train.ipynb
[I 2026-09-18 21:20:25.305 ServerApp] Kernel restarted: cc9dc0a9-f67a-4ca8-a360-fd6cd55c2e7b
[I 2026-09-18 21:20:25.406 ServerApp] Starting buffering for cc9dc0a9-f67a-4ca8-a360-fd6cd55c2e7b:8799c605-e2b7-4208-98e2-c8b2c3ae6893
[I 2026-09-18 21:20:25.512 ServerApp] Connecting to kernel cc9dc0a9-f67a-4ca8-a360-fd6cd55c2e7b.
[I 2026-09-18 21:20:25.512 ServerApp] Restoring connection for cc9dc0a9-f67a-4ca8-a360-fd6cd55c2e7b:8799c605-e2b7-4208-98e2-c8b2c3ae6893
[I 2026-09-18 21:21:57.764 ServerApp] Kernel restarted: cc9dc0a9-f67a-4ca8-a360-fd6cd55c2e7b
[I 2026-09-18 21:21:57.870 ServerApp] Starting buffering for cc9dc0a9-f67a-4ca8-a360-fd6cd55c2e7b:8799c605-e2b7-4208-98e2-c8b2c3ae6893
[I 2026-09-18 21:21:57.977 ServerApp] Connecting to kernel cc9dc0a9-f67a-4ca8-a360-fd6cd55c2e7b.
[I 2026-09-18 21:21:57.977 ServerApp] Restoring connection for cc9dc0a9-f67a-4ca8-a360-fd6cd55c2e7b:8799c605-e2b7-4208-98e2-c8b2c3ae6893
[I 2026-09-18 21:21:57.980 ServerApp] Replaying 3 buffered messages
[I 2026-09-18 21:22:22.322 ServerApp] Saving file at /train.ipynb
[IPKernelApp] ERROR | Exception in message handler:
Traceback (most recent call last):
  File "/home/baris/anaconda3/envs/py311/lib/python3.11/site-packages/ipykernel/kernelbase.py", line 471, in dispatch_shell
    await result
  File "/home/baris/anaconda3/envs/py311/lib/python3.11/site-packages/ipykernel/ipkernel.py", line 366, in execute_request
    await super().execute_request(stream, ident, parent)
  File "/home/baris/anaconda3/envs/py311/lib/python3.11/site-packages/ipykernel/kernelbase.py", line 850, in execute_request
    reply_msg: dict[str, t.Any] = self.session.send(  # type:ignore[assignment]
                                  ^^^^^^^^^^^^^^^^^^^^^^^^^^^^^^^^^^^^^^^^^^^^^
  File "/home/baris/anaconda3/envs/py311/lib/python3.11/site-packages/jupyter_client/session.py", line 863, in send
    stream.send_multipart(to_send, copy=copy)
  File "/home/baris/anaconda3/envs/py311/lib/python3.11/site-packages/zmq/sugar/socket.py", line 749, in send_multipart
    self.send(msg, zmq.SNDMORE | flags, copy=copy, track=track)
  File "/home/baris/anaconda3/envs/py311/lib/python3.11/site-packages/zmq/sugar/socket.py", line 698, in send
    return super().send(data, flags=flags, copy=copy, track=track)
           ^^^^^^^^^^^^^^^^^^^^^^^^^^^^^^^^^^^^^^^^^^^^^^^^^^^^^^^
  File "zmq/backend/cython/_zmq.py", line 1152, in zmq.backend.cython._zmq.Socket.send
  File "zmq/backend/cython/_zmq.py", line 1194, in zmq.backend.cython._zmq.Socket.send
  File "zmq/backend/cython/_zmq.py", line 1339, in zmq.backend.cython._zmq._check_closed
zmq.error.ZMQError: Socket operation on non-socket
[I 2026-09-18 21:23:14.872 ServerApp] Kernel restarted: cc9dc0a9-f67a-4ca8-a360-fd6cd55c2e7b
[I 2026-09-18 21:23:14.986 ServerApp] Starting buffering for cc9dc0a9-f67a-4ca8-a360-fd6cd55c2e7b:8799c605-e2b7-4208-98e2-c8b2c3ae6893
[I 2026-09-18 21:23:15.063 ServerApp] Connecting to kernel cc9dc0a9-f67a-4ca8-a360-fd6cd55c2e7b.
[I 2026-09-18 21:23:15.063 ServerApp] Restoring connection for cc9dc0a9-f67a-4ca8-a360-fd6cd55c2e7b:8799c605-e2b7-4208-98e2-c8b2c3ae6893
[I 2026-09-18 21:24:23.089 ServerApp] Saving file at /train.ipynb
[I 2026-09-18 21:26:23.796 ServerApp] Saving file at /train.ipynb
[I 2026-09-18 21:29:23.799 ServerApp] Kernel restarted: cc9dc0a9-f67a-4ca8-a360-fd6cd55c2e7b
[I 2026-09-18 21:29:23.946 ServerApp] Starting buffering for cc9dc0a9-f67a-4ca8-a360-fd6cd55c2e7b:8799c605-e2b7-4208-98e2-c8b2c3ae6893
[I 2026-09-18 21:29:24.054 ServerApp] Connecting to kernel cc9dc0a9-f67a-4ca8-a360-fd6cd55c2e7b.
[I 2026-09-18 21:29:24.054 ServerApp] Restoring connection for cc9dc0a9-f67a-4ca8-a360-fd6cd55c2e7b:8799c605-e2b7-4208-98e2-c8b2c3ae6893
[I 2026-09-18 21:30:17.223 ServerApp] Kernel restarted: cc9dc0a9-f67a-4ca8-a360-fd6cd55c2e7b
[I 2026-09-18 21:30:17.529 ServerApp] Starting buffering for cc9dc0a9-f67a-4ca8-a360-fd6cd55c2e7b:8799c605-e2b7-4208-98e2-c8b2c3ae6893
[I 2026-09-18 21:30:17.689 ServerApp] Connecting to kernel cc9dc0a9-f67a-4ca8-a360-fd6cd55c2e7b.
[I 2026-09-18 21:30:17.689 ServerApp] Restoring connection for cc9dc0a9-f67a-4ca8-a360-fd6cd55c2e7b:8799c605-e2b7-4208-98e2-c8b2c3ae6893
[I 2026-09-18 21:30:24.639 ServerApp] Saving file at /train.ipynb
[I 2026-09-18 21:30:58.706 ServerApp] Kernel restarted: cc9dc0a9-f67a-4ca8-a360-fd6cd55c2e7b
[I 2026-09-18 21:30:58.830 ServerApp] Starting buffering for cc9dc0a9-f67a-4ca8-a360-fd6cd55c2e7b:8799c605-e2b7-4208-98e2-c8b2c3ae6893
[I 2026-09-18 21:30:58.991 ServerApp] Connecting to kernel cc9dc0a9-f67a-4ca8-a360-fd6cd55c2e7b.
[I 2026-09-18 21:30:58.991 ServerApp] Restoring connection for cc9dc0a9-f67a-4ca8-a360-fd6cd55c2e7b:8799c605-e2b7-4208-98e2-c8b2c3ae6893
[I 2026-09-18 21:30:58.998 ServerApp] Replaying 1 buffered messages
[I 2026-09-18 21:36:56.061 ServerApp] Kernel restarted: cc9dc0a9-f67a-4ca8-a360-fd6cd55c2e7b
[I 2026-09-18 21:36:56.138 ServerApp] Starting buffering for cc9dc0a9-f67a-4ca8-a360-fd6cd55c2e7b:8799c605-e2b7-4208-98e2-c8b2c3ae6893
[I 2026-09-18 21:36:56.297 ServerApp] Connecting to kernel cc9dc0a9-f67a-4ca8-a360-fd6cd55c2e7b.
[I 2026-09-18 21:36:56.297 ServerApp] Restoring connection for cc9dc0a9-f67a-4ca8-a360-fd6cd55c2e7b:8799c605-e2b7-4208-98e2-c8b2c3ae6893
[I 2026-09-18 21:37:36.669 ServerApp] Kernel restarted: cc9dc0a9-f67a-4ca8-a360-fd6cd55c2e7b
[I 2026-09-18 21:37:36.778 ServerApp] Starting buffering for cc9dc0a9-f67a-4ca8-a360-fd6cd55c2e7b:8799c605-e2b7-4208-98e2-c8b2c3ae6893
[I 2026-09-18 21:37:36.883 ServerApp] Connecting to kernel cc9dc0a9-f67a-4ca8-a360-fd6cd55c2e7b.
[I 2026-09-18 21:37:36.883 ServerApp] Restoring connection for cc9dc0a9-f67a-4ca8-a360-fd6cd55c2e7b:8799c605-e2b7-4208-98e2-c8b2c3ae6893
[I 2026-09-18 21:37:36.883 ServerApp] Replaying 3 buffered messages
[I 2026-09-18 21:38:25.405 ServerApp] Saving file at /train.ipynb
[I 2026-09-18 21:40:55.649 ServerApp] Kernel restarted: cc9dc0a9-f67a-4ca8-a360-fd6cd55c2e7b
[I 2026-09-18 21:40:55.738 ServerApp] Starting buffering for cc9dc0a9-f67a-4ca8-a360-fd6cd55c2e7b:8799c605-e2b7-4208-98e2-c8b2c3ae6893
[I 2026-09-18 21:40:55.845 ServerApp] Connecting to kernel cc9dc0a9-f67a-4ca8-a360-fd6cd55c2e7b.
[I 2026-09-18 21:40:55.845 ServerApp] Restoring connection for cc9dc0a9-f67a-4ca8-a360-fd6cd55c2e7b:8799c605-e2b7-4208-98e2-c8b2c3ae6893
[I 2026-09-18 21:42:27.203 ServerApp] Saving file at /train.ipynb
[I 2026-09-18 21:44:28.359 ServerApp] Saving file at /train.ipynb
[I 2026-09-18 21:44:53.597 ServerApp] Kernel restarted: cc9dc0a9-f67a-4ca8-a360-fd6cd55c2e7b
[I 2026-09-18 21:44:53.676 ServerApp] Starting buffering for cc9dc0a9-f67a-4ca8-a360-fd6cd55c2e7b:8799c605-e2b7-4208-98e2-c8b2c3ae6893
[I 2026-09-18 21:44:53.834 ServerApp] Connecting to kernel cc9dc0a9-f67a-4ca8-a360-fd6cd55c2e7b.
[I 2026-09-18 21:44:53.835 ServerApp] Restoring connection for cc9dc0a9-f67a-4ca8-a360-fd6cd55c2e7b:8799c605-e2b7-4208-98e2-c8b2c3ae6893
[I 2026-09-18 21:44:53.837 ServerApp] Replaying 1 buffered messages
[I 2026-09-18 21:46:29.518 ServerApp] Saving file at /train.ipynb
[I 2026-09-18 21:49:59.071 ServerApp] Kernel restarted: cc9dc0a9-f67a-4ca8-a360-fd6cd55c2e7b
[I 2026-09-18 21:49:59.146 ServerApp] Starting buffering for cc9dc0a9-f67a-4ca8-a360-fd6cd55c2e7b:8799c605-e2b7-4208-98e2-c8b2c3ae6893
[I 2026-09-18 21:49:59.310 ServerApp] Connecting to kernel cc9dc0a9-f67a-4ca8-a360-fd6cd55c2e7b.
[I 2026-09-18 21:49:59.310 ServerApp] Restoring connection for cc9dc0a9-f67a-4ca8-a360-fd6cd55c2e7b:8799c605-e2b7-4208-98e2-c8b2c3ae6893
[I 2026-09-18 21:54:49.415 ServerApp] Kernel restarted: cc9dc0a9-f67a-4ca8-a360-fd6cd55c2e7b
[I 2026-09-18 21:54:49.705 ServerApp] Starting buffering for cc9dc0a9-f67a-4ca8-a360-fd6cd55c2e7b:8799c605-e2b7-4208-98e2-c8b2c3ae6893
[I 2026-09-18 21:54:49.864 ServerApp] Connecting to kernel cc9dc0a9-f67a-4ca8-a360-fd6cd55c2e7b.
[I 2026-09-18 21:54:49.865 ServerApp] Restoring connection for cc9dc0a9-f67a-4ca8-a360-fd6cd55c2e7b:8799c605-e2b7-4208-98e2-c8b2c3ae6893
[I 2026-09-18 21:58:05.361 ServerApp] Kernel restarted: cc9dc0a9-f67a-4ca8-a360-fd6cd55c2e7b
[I 2026-09-18 21:58:05.470 ServerApp] Starting buffering for cc9dc0a9-f67a-4ca8-a360-fd6cd55c2e7b:8799c605-e2b7-4208-98e2-c8b2c3ae6893
[I 2026-09-18 21:58:05.627 ServerApp] Connecting to kernel cc9dc0a9-f67a-4ca8-a360-fd6cd55c2e7b.
[I 2026-09-18 21:58:05.627 ServerApp] Restoring connection for cc9dc0a9-f67a-4ca8-a360-fd6cd55c2e7b:8799c605-e2b7-4208-98e2-c8b2c3ae6893
[I 2026-09-18 21:58:31.241 ServerApp] Saving file at /train.ipynb
[I 2026-09-18 21:59:32.338 ServerApp] Kernel restarted: cc9dc0a9-f67a-4ca8-a360-fd6cd55c2e7b
[I 2026-09-18 21:59:32.630 ServerApp] Starting buffering for cc9dc0a9-f67a-4ca8-a360-fd6cd55c2e7b:8799c605-e2b7-4208-98e2-c8b2c3ae6893
[I 2026-09-18 21:59:32.778 ServerApp] Connecting to kernel cc9dc0a9-f67a-4ca8-a360-fd6cd55c2e7b.
[I 2026-09-18 21:59:32.778 ServerApp] Restoring connection for cc9dc0a9-f67a-4ca8-a360-fd6cd55c2e7b:8799c605-e2b7-4208-98e2-c8b2c3ae6893
[I 2026-09-18 21:59:32.789 ServerApp] Replaying 2 buffered messages
[I 2026-09-18 22:00:32.136 ServerApp] Saving file at /train.ipynb
[I 2026-09-18 22:04:05.753 ServerApp] Kernel restarted: cc9dc0a9-f67a-4ca8-a360-fd6cd55c2e7b
[I 2026-09-18 22:04:05.854 ServerApp] Starting buffering for cc9dc0a9-f67a-4ca8-a360-fd6cd55c2e7b:8799c605-e2b7-4208-98e2-c8b2c3ae6893
[I 2026-09-18 22:04:05.930 ServerApp] Connecting to kernel cc9dc0a9-f67a-4ca8-a360-fd6cd55c2e7b.
[I 2026-09-18 22:04:05.930 ServerApp] Restoring connection for cc9dc0a9-f67a-4ca8-a360-fd6cd55c2e7b:8799c605-e2b7-4208-98e2-c8b2c3ae6893
[I 2026-09-18 22:04:16.869 ServerApp] Kernel interrupted: cc9dc0a9-f67a-4ca8-a360-fd6cd55c2e7b
[I 2026-09-18 22:04:18.820 ServerApp] Kernel interrupted: cc9dc0a9-f67a-4ca8-a360-fd6cd55c2e7b
[I 2026-09-18 22:04:33.009 ServerApp] Saving file at /train.ipynb
[I 2026-09-18 22:08:49.958 ServerApp] Kernel restarted: cc9dc0a9-f67a-4ca8-a360-fd6cd55c2e7b
[I 2026-09-18 22:08:50.089 ServerApp] Starting buffering for cc9dc0a9-f67a-4ca8-a360-fd6cd55c2e7b:8799c605-e2b7-4208-98e2-c8b2c3ae6893
[I 2026-09-18 22:08:50.196 ServerApp] Connecting to kernel cc9dc0a9-f67a-4ca8-a360-fd6cd55c2e7b.
[I 2026-09-18 22:08:50.196 ServerApp] Restoring connection for cc9dc0a9-f67a-4ca8-a360-fd6cd55c2e7b:8799c605-e2b7-4208-98e2-c8b2c3ae6893
[I 2026-09-18 22:08:50.199 ServerApp] Replaying 1 buffered messages
[I 2026-09-18 22:10:33.613 ServerApp] Saving file at /train.ipynb
In file included from /home/baris/anaconda3/envs/py311/include/python3.11/Python.h:12,
                 from /tmp/tmpl1zousg2/__triton_launcher.c:7:
/home/baris/anaconda3/envs/py311/include/python3.11/pyconfig.h:1793:9: warning: ‘_POSIX_C_SOURCE’ redefined
 1793 | #define _POSIX_C_SOURCE 200809L
      |         ^~~~~~~~~~~~~~~
In file included from /usr/include/bits/libc-header-start.h:33,
                 from /usr/include/stdlib.h:26,
                 from /home/baris/anaconda3/envs/py311/lib/python3.11/site-packages/triton/backends/nvidia/include/cuda.h:56,
                 from /tmp/tmpl1zousg2/__triton_launcher.c:2:
/usr/include/features.h:319:10: note: this is the location of the previous definition
  319 | # define _POSIX_C_SOURCE        202405L
      |          ^~~~~~~~~~~~~~~
[I 2026-09-18 22:12:16.905 ServerApp] Kernel restarted: cc9dc0a9-f67a-4ca8-a360-fd6cd55c2e7b
[I 2026-09-18 22:12:17.057 ServerApp] Starting buffering for cc9dc0a9-f67a-4ca8-a360-fd6cd55c2e7b:8799c605-e2b7-4208-98e2-c8b2c3ae6893
[I 2026-09-18 22:12:17.216 ServerApp] Connecting to kernel cc9dc0a9-f67a-4ca8-a360-fd6cd55c2e7b.
[I 2026-09-18 22:12:17.216 ServerApp] Restoring connection for cc9dc0a9-f67a-4ca8-a360-fd6cd55c2e7b:8799c605-e2b7-4208-98e2-c8b2c3ae6893
[I 2026-09-18 22:12:17.234 ServerApp] Replaying 2 buffered messages
[I 2026-09-18 22:12:26.451 ServerApp] Kernel restarted: cc9dc0a9-f67a-4ca8-a360-fd6cd55c2e7b
[I 2026-09-18 22:12:26.527 ServerApp] Starting buffering for cc9dc0a9-f67a-4ca8-a360-fd6cd55c2e7b:8799c605-e2b7-4208-98e2-c8b2c3ae6893
[I 2026-09-18 22:12:26.687 ServerApp] Connecting to kernel cc9dc0a9-f67a-4ca8-a360-fd6cd55c2e7b.
[I 2026-09-18 22:12:26.687 ServerApp] Restoring connection for cc9dc0a9-f67a-4ca8-a360-fd6cd55c2e7b:8799c605-e2b7-4208-98e2-c8b2c3ae6893
[I 2026-09-18 22:12:26.688 ServerApp] Replaying 3 buffered messages
[I 2026-09-18 22:12:34.366 ServerApp] Saving file at /train.ipynb
[I 2026-09-18 22:14:35.019 ServerApp] Saving file at /train.ipynb
[I 2026-09-18 22:16:23.102 ServerApp] Kernel restarted: cc9dc0a9-f67a-4ca8-a360-fd6cd55c2e7b
[I 2026-09-18 22:16:23.271 ServerApp] Starting buffering for cc9dc0a9-f67a-4ca8-a360-fd6cd55c2e7b:8799c605-e2b7-4208-98e2-c8b2c3ae6893
[I 2026-09-18 22:16:23.431 ServerApp] Connecting to kernel cc9dc0a9-f67a-4ca8-a360-fd6cd55c2e7b.
[I 2026-09-18 22:16:23.431 ServerApp] Restoring connection for cc9dc0a9-f67a-4ca8-a360-fd6cd55c2e7b:8799c605-e2b7-4208-98e2-c8b2c3ae6893
[I 2026-09-18 22:16:23.437 ServerApp] Replaying 2 buffered messages
[I 2026-09-18 22:16:35.591 ServerApp] Saving file at /train.ipynb
[I 2026-09-18 22:18:36.176 ServerApp] Saving file at /train.ipynb
[I 2026-09-18 22:20:10.649 ServerApp] Kernel restarted: cc9dc0a9-f67a-4ca8-a360-fd6cd55c2e7b
[I 2026-09-18 22:20:10.750 ServerApp] Starting buffering for cc9dc0a9-f67a-4ca8-a360-fd6cd55c2e7b:8799c605-e2b7-4208-98e2-c8b2c3ae6893
[I 2026-09-18 22:20:10.858 ServerApp] Connecting to kernel cc9dc0a9-f67a-4ca8-a360-fd6cd55c2e7b.
[I 2026-09-18 22:20:10.858 ServerApp] Restoring connection for cc9dc0a9-f67a-4ca8-a360-fd6cd55c2e7b:8799c605-e2b7-4208-98e2-c8b2c3ae6893
[I 2026-09-18 22:20:36.934 ServerApp] Saving file at /train.ipynb
[I 2026-09-18 22:22:38.105 ServerApp] Saving file at /train.ipynb
[I 2026-09-18 23:52:34.284 ServerApp] Kernel restarted: cc9dc0a9-f67a-4ca8-a360-fd6cd55c2e7b
[I 2026-09-18 23:52:34.384 ServerApp] Starting buffering for cc9dc0a9-f67a-4ca8-a360-fd6cd55c2e7b:8799c605-e2b7-4208-98e2-c8b2c3ae6893
[I 2026-09-18 23:52:34.543 ServerApp] Connecting to kernel cc9dc0a9-f67a-4ca8-a360-fd6cd55c2e7b.
[I 2026-09-18 23:52:34.543 ServerApp] Restoring connection for cc9dc0a9-f67a-4ca8-a360-fd6cd55c2e7b:8799c605-e2b7-4208-98e2-c8b2c3ae6893
[I 2026-09-18 23:52:49.290 ServerApp] Kernel restarted: cc9dc0a9-f67a-4ca8-a360-fd6cd55c2e7b
[I 2026-09-18 23:52:49.368 ServerApp] Starting buffering for cc9dc0a9-f67a-4ca8-a360-fd6cd55c2e7b:8799c605-e2b7-4208-98e2-c8b2c3ae6893
[I 2026-09-18 23:52:49.528 ServerApp] Connecting to kernel cc9dc0a9-f67a-4ca8-a360-fd6cd55c2e7b.
[I 2026-09-18 23:52:49.528 ServerApp] Restoring connection for cc9dc0a9-f67a-4ca8-a360-fd6cd55c2e7b:8799c605-e2b7-4208-98e2-c8b2c3ae6893
[I 2026-09-18 23:53:01.032 ServerApp] Saving file at /train.ipynb
[I 2026-09-18 23:54:28.252 ServerApp] Kernel restarted: cc9dc0a9-f67a-4ca8-a360-fd6cd55c2e7b
[I 2026-09-18 23:54:28.354 ServerApp] Starting buffering for cc9dc0a9-f67a-4ca8-a360-fd6cd55c2e7b:8799c605-e2b7-4208-98e2-c8b2c3ae6893
[I 2026-09-18 23:54:28.460 ServerApp] Connecting to kernel cc9dc0a9-f67a-4ca8-a360-fd6cd55c2e7b.
[I 2026-09-18 23:54:28.460 ServerApp] Restoring connection for cc9dc0a9-f67a-4ca8-a360-fd6cd55c2e7b:8799c605-e2b7-4208-98e2-c8b2c3ae6893
[I 2026-09-18 23:54:28.462 ServerApp] Replaying 1 buffered messages
[I 2026-09-18 23:55:01.760 ServerApp] Saving file at /train.ipynb
[I 2026-09-18 23:55:31.810 ServerApp] Kernel restarted: cc9dc0a9-f67a-4ca8-a360-fd6cd55c2e7b
[I 2026-09-18 23:55:32.001 ServerApp] Starting buffering for cc9dc0a9-f67a-4ca8-a360-fd6cd55c2e7b:8799c605-e2b7-4208-98e2-c8b2c3ae6893
[I 2026-09-18 23:55:32.159 ServerApp] Connecting to kernel cc9dc0a9-f67a-4ca8-a360-fd6cd55c2e7b.
[I 2026-09-18 23:55:32.159 ServerApp] Restoring connection for cc9dc0a9-f67a-4ca8-a360-fd6cd55c2e7b:8799c605-e2b7-4208-98e2-c8b2c3ae6893
[I 2026-09-18 23:57:02.556 ServerApp] Saving file at /train.ipynb
[I 2026-09-18 23:58:48.254 ServerApp] Kernel restarted: cc9dc0a9-f67a-4ca8-a360-fd6cd55c2e7b
[I 2026-09-18 23:58:48.338 ServerApp] Starting buffering for cc9dc0a9-f67a-4ca8-a360-fd6cd55c2e7b:8799c605-e2b7-4208-98e2-c8b2c3ae6893
[I 2026-09-18 23:58:48.497 ServerApp] Connecting to kernel cc9dc0a9-f67a-4ca8-a360-fd6cd55c2e7b.
[I 2026-09-18 23:58:48.497 ServerApp] Restoring connection for cc9dc0a9-f67a-4ca8-a360-fd6cd55c2e7b:8799c605-e2b7-4208-98e2-c8b2c3ae6893
[I 2026-09-18 23:59:03.402 ServerApp] Saving file at /train.ipynb
[I 2026-09-19 00:01:49.341 ServerApp] Kernel restarted: cc9dc0a9-f67a-4ca8-a360-fd6cd55c2e7b
[I 2026-09-19 00:01:49.423 ServerApp] Starting buffering for cc9dc0a9-f67a-4ca8-a360-fd6cd55c2e7b:8799c605-e2b7-4208-98e2-c8b2c3ae6893
[I 2026-09-19 00:01:49.818 ServerApp] Connecting to kernel cc9dc0a9-f67a-4ca8-a360-fd6cd55c2e7b.
[I 2026-09-19 00:01:49.818 ServerApp] Restoring connection for cc9dc0a9-f67a-4ca8-a360-fd6cd55c2e7b:8799c605-e2b7-4208-98e2-c8b2c3ae6893
[I 2026-09-19 00:03:04.352 ServerApp] Saving file at /train.ipynb
[I 2026-09-19 00:05:05.017 ServerApp] Saving file at /train.ipynb
[I 2026-09-19 01:18:47.385 ServerApp] Saving file at /train.ipynb
[I 2026-09-19 08:06:28.892 ServerApp] Saving file at /train.ipynb
[I 2026-09-19 13:23:22.951 ServerApp] Kernel restarted: cc9dc0a9-f67a-4ca8-a360-fd6cd55c2e7b
[I 2026-09-19 13:23:23.077 ServerApp] Starting buffering for cc9dc0a9-f67a-4ca8-a360-fd6cd55c2e7b:8799c605-e2b7-4208-98e2-c8b2c3ae6893
[I 2026-09-19 13:23:23.152 ServerApp] Connecting to kernel cc9dc0a9-f67a-4ca8-a360-fd6cd55c2e7b.
[I 2026-09-19 13:23:23.152 ServerApp] Restoring connection for cc9dc0a9-f67a-4ca8-a360-fd6cd55c2e7b:8799c605-e2b7-4208-98e2-c8b2c3ae6893
[I 2026-09-19 13:23:58.706 ServerApp] Kernel restarted: cc9dc0a9-f67a-4ca8-a360-fd6cd55c2e7b
[I 2026-09-19 13:23:58.861 ServerApp] Starting buffering for cc9dc0a9-f67a-4ca8-a360-fd6cd55c2e7b:8799c605-e2b7-4208-98e2-c8b2c3ae6893
[I 2026-09-19 13:23:59.022 ServerApp] Connecting to kernel cc9dc0a9-f67a-4ca8-a360-fd6cd55c2e7b.
[I 2026-09-19 13:23:59.022 ServerApp] Restoring connection for cc9dc0a9-f67a-4ca8-a360-fd6cd55c2e7b:8799c605-e2b7-4208-98e2-c8b2c3ae6893
[IPKernelApp] ERROR | Exception in message handler:
Traceback (most recent call last):
  File "/home/baris/anaconda3/envs/py311/lib/python3.11/site-packages/ipykernel/kernelbase.py", line 471, in dispatch_shell
    await result
  File "/home/baris/anaconda3/envs/py311/lib/python3.11/site-packages/ipykernel/ipkernel.py", line 366, in execute_request
    await super().execute_request(stream, ident, parent)
  File "/home/baris/anaconda3/envs/py311/lib/python3.11/site-packages/ipykernel/kernelbase.py", line 850, in execute_request
    reply_msg: dict[str, t.Any] = self.session.send(  # type:ignore[assignment]
                                  ^^^^^^^^^^^^^^^^^^^^^^^^^^^^^^^^^^^^^^^^^^^^^
  File "/home/baris/anaconda3/envs/py311/lib/python3.11/site-packages/jupyter_client/session.py", line 863, in send
    stream.send_multipart(to_send, copy=copy)
  File "/home/baris/anaconda3/envs/py311/lib/python3.11/site-packages/zmq/sugar/socket.py", line 749, in send_multipart
    self.send(msg, zmq.SNDMORE | flags, copy=copy, track=track)
  File "/home/baris/anaconda3/envs/py311/lib/python3.11/site-packages/zmq/sugar/socket.py", line 698, in send
    return super().send(data, flags=flags, copy=copy, track=track)
           ^^^^^^^^^^^^^^^^^^^^^^^^^^^^^^^^^^^^^^^^^^^^^^^^^^^^^^^
  File "zmq/backend/cython/_zmq.py", line 1152, in zmq.backend.cython._zmq.Socket.send
  File "zmq/backend/cython/_zmq.py", line 1194, in zmq.backend.cython._zmq.Socket.send
  File "zmq/backend/cython/_zmq.py", line 1339, in zmq.backend.cython._zmq._check_closed
zmq.error.ZMQError: Socket operation on non-socket
[I 2026-09-19 13:24:43.126 ServerApp] Kernel restarted: cc9dc0a9-f67a-4ca8-a360-fd6cd55c2e7b
[I 2026-09-19 13:24:43.271 ServerApp] Starting buffering for cc9dc0a9-f67a-4ca8-a360-fd6cd55c2e7b:8799c605-e2b7-4208-98e2-c8b2c3ae6893
[I 2026-09-19 13:24:43.430 ServerApp] Connecting to kernel cc9dc0a9-f67a-4ca8-a360-fd6cd55c2e7b.
[I 2026-09-19 13:24:43.430 ServerApp] Restoring connection for cc9dc0a9-f67a-4ca8-a360-fd6cd55c2e7b:8799c605-e2b7-4208-98e2-c8b2c3ae6893
[I 2026-09-19 13:24:45.021 ServerApp] Saving file at /train.ipynb
[I 2026-09-19 13:26:24.588 ServerApp] Kernel restarted: cc9dc0a9-f67a-4ca8-a360-fd6cd55c2e7b
[I 2026-09-19 13:26:24.683 ServerApp] Starting buffering for cc9dc0a9-f67a-4ca8-a360-fd6cd55c2e7b:8799c605-e2b7-4208-98e2-c8b2c3ae6893
[I 2026-09-19 13:26:24.843 ServerApp] Connecting to kernel cc9dc0a9-f67a-4ca8-a360-fd6cd55c2e7b.
[I 2026-09-19 13:26:24.843 ServerApp] Restoring connection for cc9dc0a9-f67a-4ca8-a360-fd6cd55c2e7b:8799c605-e2b7-4208-98e2-c8b2c3ae6893
[I 2026-09-19 13:26:45.677 ServerApp] Saving file at /train.ipynb
[I 2026-09-19 13:28:46.272 ServerApp] Saving file at /train.ipynb
In file included from /home/baris/anaconda3/envs/py311/include/python3.11/Python.h:12,
                 from /tmp/tmp82tticqr/__triton_launcher.c:7:
/home/baris/anaconda3/envs/py311/include/python3.11/pyconfig.h:1793:9: warning: ‘_POSIX_C_SOURCE’ redefined
 1793 | #define _POSIX_C_SOURCE 200809L
      |         ^~~~~~~~~~~~~~~
In file included from /usr/include/bits/libc-header-start.h:33,
                 from /usr/include/stdlib.h:26,
                 from /home/baris/anaconda3/envs/py311/lib/python3.11/site-packages/triton/backends/nvidia/include/cuda.h:56,
                 from /tmp/tmp82tticqr/__triton_launcher.c:2:
/usr/include/features.h:319:10: note: this is the location of the previous definition
  319 | # define _POSIX_C_SOURCE        202405L
      |          ^~~~~~~~~~~~~~~
[I 2026-09-19 13:30:47.045 ServerApp] Saving file at /train.ipynb
[I 2026-09-19 13:39:42.165 ServerApp] Kernel restarted: cc9dc0a9-f67a-4ca8-a360-fd6cd55c2e7b
[I 2026-09-19 13:39:42.264 ServerApp] Starting buffering for cc9dc0a9-f67a-4ca8-a360-fd6cd55c2e7b:8799c605-e2b7-4208-98e2-c8b2c3ae6893
[I 2026-09-19 13:39:43.316 ServerApp] Connecting to kernel cc9dc0a9-f67a-4ca8-a360-fd6cd55c2e7b.
[I 2026-09-19 13:39:43.316 ServerApp] Restoring connection for cc9dc0a9-f67a-4ca8-a360-fd6cd55c2e7b:8799c605-e2b7-4208-98e2-c8b2c3ae6893
[I 2026-09-19 13:39:43.325 ServerApp] Replaying 2 buffered messages
[C 2026-09-19 13:40:02.181 ServerApp] received signal 15, stopping
[I 2026-09-19 13:40:02.182 ServerApp] Shutting down 6 extensions
[I 2026-09-19 13:40:02.183 ServerApp] Shutting down 1 kernel
[I 2026-09-19 13:40:02.183 ServerApp] Kernel shutdown: cc9dc0a9-f67a-4ca8-a360-fd6cd55c2e7b
[I 2026-09-19 13:40:04.939 ServerApp] Extension package panel.io.jupyter_server_extension took 0.4925s to import
[I 2026-09-19 13:40:04.939 ServerApp] jupyter_lsp | extension was successfully linked.
[I 2026-09-19 13:40:04.940 ServerApp] jupyter_server_terminals | extension was successfully linked.
[I 2026-09-19 13:40:04.942 ServerApp] jupyterlab | extension was successfully linked.
[I 2026-09-19 13:40:04.944 ServerApp] notebook | extension was successfully linked.
[I 2026-09-19 13:40:05.196 ServerApp] notebook_shim | extension was successfully linked.
[I 2026-09-19 13:40:05.196 ServerApp] panel.io.jupyter_server_extension | extension was successfully linked.
[I 2026-09-19 13:40:05.205 ServerApp] notebook_shim | extension was successfully loaded.
[I 2026-09-19 13:40:05.206 ServerApp] jupyter_lsp | extension was successfully loaded.
[I 2026-09-19 13:40:05.207 ServerApp] jupyter_server_terminals | extension was successfully loaded.
[I 2026-09-19 13:40:05.207 LabApp] JupyterLab extension loaded from /home/baris/anaconda3/lib/python3.13/site-packages/jupyterlab
[I 2026-09-19 13:40:05.207 LabApp] JupyterLab application directory is /home/baris/anaconda3/share/jupyter/lab
[I 2026-09-19 13:40:05.208 LabApp] Extension Manager is 'pypi'.
[I 2026-09-19 13:40:05.237 ServerApp] jupyterlab | extension was successfully loaded.
[I 2026-09-19 13:40:05.238 ServerApp] notebook | extension was successfully loaded.
[I 2026-09-19 13:40:05.239 ServerApp] panel.io.jupyter_server_extension | extension was successfully loaded.
[I 2026-09-19 13:40:05.240 ServerApp] Serving notebooks from local directory: /home/baris/database_transformer
[I 2026-09-19 13:40:05.240 ServerApp] Jupyter Server 2.15.0 is running at:
[I 2026-09-19 13:40:05.240 ServerApp] http://localhost:8888/tree
[I 2026-09-19 13:40:05.240 ServerApp]     http://127.0.0.1:8888/tree
[I 2026-09-19 13:40:05.240 ServerApp] Use Control-C to stop this server and shut down all kernels (twice to skip confirmation).
[W 2026-09-19 13:40:05.241 ServerApp] No web browser found: Error('could not locate runnable browser').
[I 2026-09-19 13:40:05.305 ServerApp] Skipped non-installed server(s): bash-language-server, dockerfile-language-server-nodejs, javascript-typescript-langserver, jedi-language-server, julia-language-server, pyright, python-language-server, r-languageserver, sql-language-server, texlab, typescript-language-server, unified-language-server, vscode-css-languageserver-bin, vscode-html-languageserver-bin, vscode-json-languageserver-bin, yaml-language-server
[I 2026-09-19 13:40:11.698 ServerApp] Kernel started: a270b833-0de8-468f-a2e1-ed57665f6ace
[I 2026-09-19 13:40:12.022 ServerApp] Connecting to kernel a270b833-0de8-468f-a2e1-ed57665f6ace.
[W 2026-09-19 13:40:12.023 ServerApp] The websocket_ping_timeout (90000) cannot be longer than the websocket_ping_interval (30000).
    Setting websocket_ping_timeout=30000
[I 2026-09-19 13:40:49.783 ServerApp] Saving file at /train.ipynb
[W 2026-09-19 13:40:49.832 ServerApp] /home/baris/database_transformer/.~train.ipynb doesn't exist
[I 2026-09-19 13:42:50.792 ServerApp] Saving file at /train.ipynb
[I 2026-09-19 14:05:29.860 ServerApp] Kernel restarted: a270b833-0de8-468f-a2e1-ed57665f6ace
[I 2026-09-19 14:05:29.938 ServerApp] Starting buffering for a270b833-0de8-468f-a2e1-ed57665f6ace:2d565ee4-57e3-4bd3-80d8-93252e05315c
[I 2026-09-19 14:05:30.099 ServerApp] Connecting to kernel a270b833-0de8-468f-a2e1-ed57665f6ace.
[I 2026-09-19 14:05:30.099 ServerApp] Restoring connection for a270b833-0de8-468f-a2e1-ed57665f6ace:2d565ee4-57e3-4bd3-80d8-93252e05315c
[I 2026-09-19 14:06:51.332 ServerApp] Kernel restarted: a270b833-0de8-468f-a2e1-ed57665f6ace
[I 2026-09-19 14:06:51.457 ServerApp] Starting buffering for a270b833-0de8-468f-a2e1-ed57665f6ace:2d565ee4-57e3-4bd3-80d8-93252e05315c
[I 2026-09-19 14:06:51.533 ServerApp] Connecting to kernel a270b833-0de8-468f-a2e1-ed57665f6ace.
[I 2026-09-19 14:06:51.533 ServerApp] Restoring connection for a270b833-0de8-468f-a2e1-ed57665f6ace:2d565ee4-57e3-4bd3-80d8-93252e05315c
[I 2026-09-19 14:06:58.269 ServerApp] Saving file at /train.ipynb
[C 2026-09-19 14:06:59.292 ServerApp] received signal 15, stopping
[I 2026-09-19 14:06:59.292 ServerApp] Shutting down 6 extensions
[I 2026-09-19 14:06:59.293 ServerApp] Shutting down 1 kernel
[I 2026-09-19 14:06:59.293 ServerApp] Kernel shutdown: a270b833-0de8-468f-a2e1-ed57665f6ace
[I 2026-09-19 14:07:02.632 ServerApp] Extension package panel.io.jupyter_server_extension took 0.3594s to import
[I 2026-09-19 14:07:02.632 ServerApp] jupyter_lsp | extension was successfully linked.
[I 2026-09-19 14:07:02.634 ServerApp] jupyter_server_terminals | extension was successfully linked.
[I 2026-09-19 14:07:02.636 ServerApp] jupyterlab | extension was successfully linked.
[I 2026-09-19 14:07:02.637 ServerApp] notebook | extension was successfully linked.
[I 2026-09-19 14:07:02.799 ServerApp] notebook_shim | extension was successfully linked.
[I 2026-09-19 14:07:02.799 ServerApp] panel.io.jupyter_server_extension | extension was successfully linked.
[I 2026-09-19 14:07:02.808 ServerApp] notebook_shim | extension was successfully loaded.
[I 2026-09-19 14:07:02.809 ServerApp] jupyter_lsp | extension was successfully loaded.
[I 2026-09-19 14:07:02.809 ServerApp] jupyter_server_terminals | extension was successfully loaded.
[I 2026-09-19 14:07:02.810 LabApp] JupyterLab extension loaded from /home/baris/anaconda3/lib/python3.13/site-packages/jupyterlab
[I 2026-09-19 14:07:02.810 LabApp] JupyterLab application directory is /home/baris/anaconda3/share/jupyter/lab
[I 2026-09-19 14:07:02.810 LabApp] Extension Manager is 'pypi'.
[I 2026-09-19 14:07:02.832 ServerApp] jupyterlab | extension was successfully loaded.
[I 2026-09-19 14:07:02.833 ServerApp] notebook | extension was successfully loaded.
[I 2026-09-19 14:07:02.833 ServerApp] panel.io.jupyter_server_extension | extension was successfully loaded.
[I 2026-09-19 14:07:02.834 ServerApp] Serving notebooks from local directory: /home/baris/database_transformer
[I 2026-09-19 14:07:02.834 ServerApp] Jupyter Server 2.15.0 is running at:
[I 2026-09-19 14:07:02.834 ServerApp] http://localhost:8888/tree
[I 2026-09-19 14:07:02.834 ServerApp]     http://127.0.0.1:8888/tree
[I 2026-09-19 14:07:02.834 ServerApp] Use Control-C to stop this server and shut down all kernels (twice to skip confirmation).
[W 2026-09-19 14:07:02.835 ServerApp] No web browser found: Error('could not locate runnable browser').
[I 2026-09-19 14:07:02.899 ServerApp] Skipped non-installed server(s): bash-language-server, dockerfile-language-server-nodejs, javascript-typescript-langserver, jedi-language-server, julia-language-server, pyright, python-language-server, r-languageserver, sql-language-server, texlab, typescript-language-server, unified-language-server, vscode-css-languageserver-bin, vscode-html-languageserver-bin, vscode-json-languageserver-bin, yaml-language-server
[E 2026-09-19 14:07:05.582 ServerApp] Exception restarting kernel
    Traceback (most recent call last):
      File "/home/baris/anaconda3/lib/python3.13/site-packages/jupyter_server/services/kernels/handlers.py", line 101, in post
        await km.restart_kernel(kernel_id)
      File "/home/baris/anaconda3/lib/python3.13/site-packages/jupyter_server/services/kernels/kernelmanager.py", line 446, in _async_restart_kernel
        self._check_kernel_id(kernel_id)
        ~~~~~~~~~~~~~~~~~~~~~^^^^^^^^^^^
      File "/home/baris/anaconda3/lib/python3.13/site-packages/jupyter_server/services/kernels/kernelmanager.py", line 539, in _check_kernel_id
        raise web.HTTPError(404, "Kernel does not exist: %s" % kernel_id)
    tornado.web.HTTPError: HTTP 404: Not Found (Kernel does not exist: a270b833-0de8-468f-a2e1-ed57665f6ace)
[E 2026-09-19 14:07:05.584 ServerApp] {
      "Host": "localhost:8888",
      "Accept": "*/*",
      "Referer": "http://localhost:8888/notebooks/train.ipynb",
      "User-Agent": "Mozilla/5.0 (X11; Ubuntu; Linux x86_64; rv:155.0) Gecko/20100101 Firefox/155.0"
    }
[E 2026-09-19 14:07:05.584 ServerApp] 500 POST /api/kernels/a270b833-0de8-468f-a2e1-ed57665f6ace/restart?1789816025539 (8badea1fd6444391b68819cfcabcbc54@::1) 2.15ms referer=http://localhost:8888/notebooks/train.ipynb
[I 2026-09-19 14:09:36.445 ServerApp] Kernel started: 14aa00ad-2c10-4b9c-a6e0-f98a58e34e5b
[I 2026-09-19 14:09:36.750 ServerApp] Connecting to kernel 14aa00ad-2c10-4b9c-a6e0-f98a58e34e5b.
[W 2026-09-19 14:09:36.751 ServerApp] The websocket_ping_timeout (90000) cannot be longer than the websocket_ping_interval (30000).
    Setting websocket_ping_timeout=30000
[I 2026-09-19 14:10:59.448 ServerApp] Saving file at /train.ipynb
[I 2026-09-19 14:12:16.747 ServerApp] Kernel restarted: 14aa00ad-2c10-4b9c-a6e0-f98a58e34e5b
[I 2026-09-19 14:12:16.863 ServerApp] Starting buffering for 14aa00ad-2c10-4b9c-a6e0-f98a58e34e5b:73cb6b64-14d2-4681-9deb-61b71f96595c
[I 2026-09-19 14:12:16.970 ServerApp] Connecting to kernel 14aa00ad-2c10-4b9c-a6e0-f98a58e34e5b.
[I 2026-09-19 14:12:16.970 ServerApp] Restoring connection for 14aa00ad-2c10-4b9c-a6e0-f98a58e34e5b:73cb6b64-14d2-4681-9deb-61b71f96595c
[I 2026-09-19 14:12:16.972 ServerApp] Replaying 3 buffered messages
[I 2026-09-19 14:13:00.151 ServerApp] Saving file at /train.ipynb
[I 2026-09-19 14:15:01.011 ServerApp] Saving file at /train.ipynb
[I 2026-09-19 14:17:01.853 ServerApp] Saving file at /train.ipynb
[I 2026-09-19 14:19:02.793 ServerApp] Saving file at /train.ipynb
[I 2026-09-19 14:21:03.635 ServerApp] Saving file at /train.ipynb
[I 2026-09-19 14:21:06.861 ServerApp] Kernel restarted: 14aa00ad-2c10-4b9c-a6e0-f98a58e34e5b
[I 2026-09-19 14:21:07.013 ServerApp] Starting buffering for 14aa00ad-2c10-4b9c-a6e0-f98a58e34e5b:73cb6b64-14d2-4681-9deb-61b71f96595c
[I 2026-09-19 14:21:07.172 ServerApp] Connecting to kernel 14aa00ad-2c10-4b9c-a6e0-f98a58e34e5b.
[I 2026-09-19 14:21:07.172 ServerApp] Restoring connection for 14aa00ad-2c10-4b9c-a6e0-f98a58e34e5b:73cb6b64-14d2-4681-9deb-61b71f96595c
[I 2026-09-19 14:21:07.178 ServerApp] Replaying 2 buffered messages
[I 2026-09-19 14:23:04.249 ServerApp] Saving file at /train.ipynb
[I 2026-09-19 14:25:06.001 ServerApp] Saving file at /train.ipynb
[I 2026-09-19 14:27:07.200 ServerApp] Saving file at /train.ipynb
[I 2026-09-19 14:29:08.357 ServerApp] Saving file at /train.ipynb
[I 2026-09-19 14:30:58.904 ServerApp] Kernel restarted: 14aa00ad-2c10-4b9c-a6e0-f98a58e34e5b
[I 2026-09-19 14:30:59.017 ServerApp] Starting buffering for 14aa00ad-2c10-4b9c-a6e0-f98a58e34e5b:73cb6b64-14d2-4681-9deb-61b71f96595c
[I 2026-09-19 14:30:59.226 ServerApp] Connecting to kernel 14aa00ad-2c10-4b9c-a6e0-f98a58e34e5b.
[I 2026-09-19 14:30:59.226 ServerApp] Restoring connection for 14aa00ad-2c10-4b9c-a6e0-f98a58e34e5b:73cb6b64-14d2-4681-9deb-61b71f96595c
[I 2026-09-19 14:30:59.236 ServerApp] Replaying 2 buffered messages
[I 2026-09-19 14:31:09.236 ServerApp] Saving file at /train.ipynb
[I 2026-09-19 14:33:10.877 ServerApp] Saving file at /train.ipynb
[I 2026-09-19 14:36:40.369 ServerApp] Kernel restarted: 14aa00ad-2c10-4b9c-a6e0-f98a58e34e5b
[I 2026-09-19 14:36:40.447 ServerApp] Starting buffering for 14aa00ad-2c10-4b9c-a6e0-f98a58e34e5b:73cb6b64-14d2-4681-9deb-61b71f96595c
[I 2026-09-19 14:36:40.555 ServerApp] Connecting to kernel 14aa00ad-2c10-4b9c-a6e0-f98a58e34e5b.
[I 2026-09-19 14:36:40.555 ServerApp] Restoring connection for 14aa00ad-2c10-4b9c-a6e0-f98a58e34e5b:73cb6b64-14d2-4681-9deb-61b71f96595c
[I 2026-09-19 14:37:12.518 ServerApp] Saving file at /train.ipynb
[I 2026-09-19 14:38:03.649 ServerApp] Kernel restarted: 14aa00ad-2c10-4b9c-a6e0-f98a58e34e5b
[I 2026-09-19 14:38:03.734 ServerApp] Starting buffering for 14aa00ad-2c10-4b9c-a6e0-f98a58e34e5b:73cb6b64-14d2-4681-9deb-61b71f96595c
[I 2026-09-19 14:38:03.857 ServerApp] Connecting to kernel 14aa00ad-2c10-4b9c-a6e0-f98a58e34e5b.
[I 2026-09-19 14:38:03.857 ServerApp] Restoring connection for 14aa00ad-2c10-4b9c-a6e0-f98a58e34e5b:73cb6b64-14d2-4681-9deb-61b71f96595c
[I 2026-09-19 14:39:13.332 ServerApp] Saving file at /train.ipynb
[I 2026-09-19 14:39:42.194 ServerApp] Kernel restarted: 14aa00ad-2c10-4b9c-a6e0-f98a58e34e5b
[I 2026-09-19 14:39:42.292 ServerApp] Starting buffering for 14aa00ad-2c10-4b9c-a6e0-f98a58e34e5b:73cb6b64-14d2-4681-9deb-61b71f96595c
[I 2026-09-19 14:39:42.400 ServerApp] Connecting to kernel 14aa00ad-2c10-4b9c-a6e0-f98a58e34e5b.
[I 2026-09-19 14:39:42.400 ServerApp] Restoring connection for 14aa00ad-2c10-4b9c-a6e0-f98a58e34e5b:73cb6b64-14d2-4681-9deb-61b71f96595c
[I 2026-09-19 14:40:22.574 ServerApp] Kernel restarted: 14aa00ad-2c10-4b9c-a6e0-f98a58e34e5b
[I 2026-09-19 14:40:22.650 ServerApp] Starting buffering for 14aa00ad-2c10-4b9c-a6e0-f98a58e34e5b:73cb6b64-14d2-4681-9deb-61b71f96595c
[I 2026-09-19 14:40:22.810 ServerApp] Connecting to kernel 14aa00ad-2c10-4b9c-a6e0-f98a58e34e5b.
[I 2026-09-19 14:40:22.810 ServerApp] Restoring connection for 14aa00ad-2c10-4b9c-a6e0-f98a58e34e5b:73cb6b64-14d2-4681-9deb-61b71f96595c
[I 2026-09-19 14:40:46.932 ServerApp] Kernel restarted: 14aa00ad-2c10-4b9c-a6e0-f98a58e34e5b
[I 2026-09-19 14:40:47.030 ServerApp] Starting buffering for 14aa00ad-2c10-4b9c-a6e0-f98a58e34e5b:73cb6b64-14d2-4681-9deb-61b71f96595c
[I 2026-09-19 14:40:47.190 ServerApp] Connecting to kernel 14aa00ad-2c10-4b9c-a6e0-f98a58e34e5b.
[I 2026-09-19 14:40:47.190 ServerApp] Restoring connection for 14aa00ad-2c10-4b9c-a6e0-f98a58e34e5b:73cb6b64-14d2-4681-9deb-61b71f96595c
[I 2026-09-19 14:41:13.949 ServerApp] Saving file at /train.ipynb
[I 2026-09-19 14:43:14.502 ServerApp] Saving file at /train.ipynb
[I 2026-09-19 17:32:51.208 ServerApp] Saving file at /train.ipynb
[I 2026-09-19 18:25:25.990 ServerApp] Starting buffering for 14aa00ad-2c10-4b9c-a6e0-f98a58e34e5b:73cb6b64-14d2-4681-9deb-61b71f96595c
[I 2026-09-19 20:21:41.655 ServerApp] 302 GET / (@::1) 2.57ms
[I 2026-09-19 20:21:43.825 ServerApp] Connecting to kernel 14aa00ad-2c10-4b9c-a6e0-f98a58e34e5b.
[I 2026-09-19 20:21:43.827 ServerApp] Discarding 8429 buffered messages for 14aa00ad-2c10-4b9c-a6e0-f98a58e34e5b:73cb6b64-14d2-4681-9deb-61b71f96595c
[I 2026-09-19 20:21:49.033 ServerApp] Creating new notebook in 
[I 2026-09-19 20:21:49.709 ServerApp] Saving file at /Untitled.ipynb
[I 2026-09-19 20:21:49.821 ServerApp] Kernel started: 9dc6aea1-7d41-453a-bbd6-af0f5b7b7364
[I 2026-09-19 20:21:50.701 ServerApp] Connecting to kernel 9dc6aea1-7d41-453a-bbd6-af0f5b7b7364.
[I 2026-09-19 20:21:50.920 ServerApp] Connecting to kernel 9dc6aea1-7d41-453a-bbd6-af0f5b7b7364.
[I 2026-09-19 20:21:51.222 ServerApp] Connecting to kernel 9dc6aea1-7d41-453a-bbd6-af0f5b7b7364.
[I 2026-09-19 20:21:51.751 ServerApp] Connecting to kernel 14aa00ad-2c10-4b9c-a6e0-f98a58e34e5b.
[I 2026-09-19 20:21:51.979 ServerApp] Connecting to kernel 9dc6aea1-7d41-453a-bbd6-af0f5b7b7364.
[I 2026-09-19 20:21:53.772 ServerApp] Connecting to kernel 9dc6aea1-7d41-453a-bbd6-af0f5b7b7364.
[I 2026-09-19 20:23:48.786 ServerApp] Starting buffering for 14aa00ad-2c10-4b9c-a6e0-f98a58e34e5b:66ede4ea-e2b3-4865-abaf-6d408368898a
[I 2026-09-19 20:23:48.787 ServerApp] Starting buffering for 9dc6aea1-7d41-453a-bbd6-af0f5b7b7364:fb138910-3a94-4cb8-8c32-b1ba19bf801e
[I 2026-09-19 20:25:31.863 ServerApp] 302 GET / (@::1) 0.29ms
[I 2026-09-19 20:25:36.194 ServerApp] Connecting to kernel 14aa00ad-2c10-4b9c-a6e0-f98a58e34e5b.
[I 2026-09-19 20:25:36.194 ServerApp] Discarding 130 buffered messages for 14aa00ad-2c10-4b9c-a6e0-f98a58e34e5b:66ede4ea-e2b3-4865-abaf-6d408368898a
[I 2026-09-19 20:25:36.872 ServerApp] Connecting to kernel 9dc6aea1-7d41-453a-bbd6-af0f5b7b7364.
[I 2026-09-19 20:25:38.437 ServerApp] Starting buffering for 9dc6aea1-7d41-453a-bbd6-af0f5b7b7364:11cfcea1-16d1-424d-a752-1ca231acd662
[I 2026-09-19 20:25:43.142 ServerApp] Connecting to kernel 14aa00ad-2c10-4b9c-a6e0-f98a58e34e5b.
[I 2026-09-19 20:25:44.012 ServerApp] Connecting to kernel 9dc6aea1-7d41-453a-bbd6-af0f5b7b7364.
[I 2026-09-19 20:25:44.864 ServerApp] Starting buffering for 9dc6aea1-7d41-453a-bbd6-af0f5b7b7364:279f7b4f-1f48-4680-8b5b-ba0e5e3a8dd5
[I 2026-09-19 20:25:45.060 ServerApp] Connecting to kernel 9dc6aea1-7d41-453a-bbd6-af0f5b7b7364.
[I 2026-09-19 20:27:43.343 ServerApp] Saving file at /Untitled.ipynb
[I 2026-09-19 20:38:58.702 ServerApp] Starting buffering for 14aa00ad-2c10-4b9c-a6e0-f98a58e34e5b:0103c913-7c2e-4e35-b5c5-1729b9f49042
[I 2026-09-19 20:38:58.711 ServerApp] Starting buffering for 9dc6aea1-7d41-453a-bbd6-af0f5b7b7364:77f4529c-8f13-4e9d-8278-b1827086ab52
[I 2026-09-19 21:10:15.738 ServerApp] 302 GET / (@::1) 2.04ms
[I 2026-09-19 21:10:17.907 ServerApp] Connecting to kernel 14aa00ad-2c10-4b9c-a6e0-f98a58e34e5b.
[I 2026-09-19 21:10:17.911 ServerApp] Discarding 2272 buffered messages for 14aa00ad-2c10-4b9c-a6e0-f98a58e34e5b:0103c913-7c2e-4e35-b5c5-1729b9f49042
[I 2026-09-19 21:10:18.417 ServerApp] Connecting to kernel 9dc6aea1-7d41-453a-bbd6-af0f5b7b7364.
[I 2026-09-19 21:10:18.662 ServerApp] Starting buffering for 9dc6aea1-7d41-453a-bbd6-af0f5b7b7364:c8ba88d1-48e6-4509-bc8e-966ce90c6ce9
[I 2026-09-19 21:10:22.769 ServerApp] Connecting to kernel 14aa00ad-2c10-4b9c-a6e0-f98a58e34e5b.
[I 2026-09-19 21:10:23.000 ServerApp] Connecting to kernel 9dc6aea1-7d41-453a-bbd6-af0f5b7b7364.
[I 2026-09-19 21:10:23.289 ServerApp] Starting buffering for 9dc6aea1-7d41-453a-bbd6-af0f5b7b7364:eba8df37-d48f-4673-848c-74b2a659a1e8
[I 2026-09-19 21:10:24.412 ServerApp] Connecting to kernel 9dc6aea1-7d41-453a-bbd6-af0f5b7b7364.
[I 2026-09-19 21:12:24.266 ServerApp] Saving file at /Untitled.ipynb
[I 2026-09-19 23:12:46.249 ServerApp] Starting buffering for 14aa00ad-2c10-4b9c-a6e0-f98a58e34e5b:99429938-c253-4f82-aedf-75822a100946
[I 2026-09-19 23:12:46.252 ServerApp] Starting buffering for 9dc6aea1-7d41-453a-bbd6-af0f5b7b7364:8af6a809-4aaa-4a00-aa8d-f896e81856c7
[I 2026-09-20 16:06:04.977 ServerApp] 302 GET / (@::1) 0.40ms
[I 2026-09-20 16:06:06.759 ServerApp] Connecting to kernel 14aa00ad-2c10-4b9c-a6e0-f98a58e34e5b.
[I 2026-09-20 16:06:06.767 ServerApp] Discarding 72957 buffered messages for 14aa00ad-2c10-4b9c-a6e0-f98a58e34e5b:99429938-c253-4f82-aedf-75822a100946
[I 2026-09-20 16:06:06.976 ServerApp] Connecting to kernel 9dc6aea1-7d41-453a-bbd6-af0f5b7b7364.
[I 2026-09-20 16:06:07.251 ServerApp] Starting buffering for 9dc6aea1-7d41-453a-bbd6-af0f5b7b7364:41f3fd11-5bba-4eda-98fb-948a406d1912
[I 2026-09-20 16:06:09.702 ServerApp] Starting buffering for 14aa00ad-2c10-4b9c-a6e0-f98a58e34e5b:6053aab7-9fcf-422a-90aa-18d6fbdc7050
[I 2026-09-20 16:06:09.913 ServerApp] Connecting to kernel 14aa00ad-2c10-4b9c-a6e0-f98a58e34e5b.
[I 2026-09-20 16:06:09.913 ServerApp] Restoring connection for 14aa00ad-2c10-4b9c-a6e0-f98a58e34e5b:6053aab7-9fcf-422a-90aa-18d6fbdc7050
[I 2026-09-20 16:06:10.350 ServerApp] Starting buffering for 14aa00ad-2c10-4b9c-a6e0-f98a58e34e5b:6053aab7-9fcf-422a-90aa-18d6fbdc7050
[I 2026-09-20 17:20:37.891 ServerApp] 302 GET / (@::1) 1.18ms
[I 2026-09-20 17:20:40.214 ServerApp] Connecting to kernel 14aa00ad-2c10-4b9c-a6e0-f98a58e34e5b.
[I 2026-09-20 17:20:40.216 ServerApp] Discarding 5284 buffered messages for 14aa00ad-2c10-4b9c-a6e0-f98a58e34e5b:6053aab7-9fcf-422a-90aa-18d6fbdc7050
[I 2026-09-20 17:20:40.559 ServerApp] Connecting to kernel 9dc6aea1-7d41-453a-bbd6-af0f5b7b7364.
[I 2026-09-20 17:20:40.870 ServerApp] Starting buffering for 9dc6aea1-7d41-453a-bbd6-af0f5b7b7364:26419a7b-b11c-4e6d-8869-e2cd23081d53
[I 2026-09-20 17:20:44.417 ServerApp] Connecting to kernel 14aa00ad-2c10-4b9c-a6e0-f98a58e34e5b.
[I 2026-09-20 17:20:44.594 ServerApp] Connecting to kernel 9dc6aea1-7d41-453a-bbd6-af0f5b7b7364.
[I 2026-09-20 17:20:45.496 ServerApp] Starting buffering for 9dc6aea1-7d41-453a-bbd6-af0f5b7b7364:1cad14ed-f038-4342-8b76-9817016584ac
[I 2026-09-20 17:20:45.762 ServerApp] Connecting to kernel 14aa00ad-2c10-4b9c-a6e0-f98a58e34e5b.
[I 2026-09-20 17:20:50.183 ServerApp] Kernel restarted: 14aa00ad-2c10-4b9c-a6e0-f98a58e34e5b
[I 2026-09-20 17:20:50.394 ServerApp] Connecting to kernel 14aa00ad-2c10-4b9c-a6e0-f98a58e34e5b.
[W 2026-09-20 17:40:10.216 ServerApp] WebSocket ping timeout after 119892 ms.
[W 2026-09-20 17:40:14.418 ServerApp] WebSocket ping timeout after 119898 ms.
[W 2026-09-20 17:40:20.395 ServerApp] WebSocket ping timeout after 119838 ms.
[I 2026-09-20 17:40:25.397 ServerApp] Starting buffering for 14aa00ad-2c10-4b9c-a6e0-f98a58e34e5b:dc596045-1495-459c-b80a-5e54cdf7a802
[C 2026-09-20 22:10:10.124 ServerApp] received signal 15, stopping
[I 2026-09-20 22:10:10.125 ServerApp] Shutting down 6 extensions
[I 2026-09-20 22:10:10.126 ServerApp] Shutting down 2 kernels
[I 2026-09-20 22:10:10.126 ServerApp] Kernel shutdown: 9dc6aea1-7d41-453a-bbd6-af0f5b7b7364
[I 2026-09-20 22:10:10.126 ServerApp] Kernel shutdown: 14aa00ad-2c10-4b9c-a6e0-f98a58e34e5b
[I 2026-09-20 23:02:05.738 ServerApp] Extension package panel.io.jupyter_server_extension took 0.6187s to import
[I 2026-09-20 23:02:05.740 ServerApp] jupyter_lsp | extension was successfully linked.
[I 2026-09-20 23:02:05.742 ServerApp] jupyter_server_terminals | extension was successfully linked.
[I 2026-09-20 23:02:05.744 ServerApp] jupyterlab | extension was successfully linked.
[I 2026-09-20 23:02:05.745 ServerApp] notebook | extension was successfully linked.
[I 2026-09-20 23:02:06.099 ServerApp] notebook_shim | extension was successfully linked.
[I 2026-09-20 23:02:06.099 ServerApp] panel.io.jupyter_server_extension | extension was successfully linked.
[I 2026-09-20 23:02:06.110 ServerApp] notebook_shim | extension was successfully loaded.
[I 2026-09-20 23:02:06.111 ServerApp] jupyter_lsp | extension was successfully loaded.
[I 2026-09-20 23:02:06.111 ServerApp] jupyter_server_terminals | extension was successfully loaded.
[I 2026-09-20 23:02:06.113 LabApp] JupyterLab extension loaded from /home/baris/anaconda3/lib/python3.13/site-packages/jupyterlab
[I 2026-09-20 23:02:06.113 LabApp] JupyterLab application directory is /home/baris/anaconda3/share/jupyter/lab
[I 2026-09-20 23:02:06.114 LabApp] Extension Manager is 'pypi'.
[I 2026-09-20 23:02:06.148 ServerApp] jupyterlab | extension was successfully loaded.
[I 2026-09-20 23:02:06.149 ServerApp] notebook | extension was successfully loaded.
[I 2026-09-20 23:02:06.150 ServerApp] panel.io.jupyter_server_extension | extension was successfully loaded.
[I 2026-09-20 23:02:06.150 ServerApp] Serving notebooks from local directory: /home/baris/database_transformer
[I 2026-09-20 23:02:06.150 ServerApp] Jupyter Server 2.15.0 is running at:
[I 2026-09-20 23:02:06.150 ServerApp] http://localhost:8888/tree
[I 2026-09-20 23:02:06.150 ServerApp]     http://127.0.0.1:8888/tree
[I 2026-09-20 23:02:06.150 ServerApp] Use Control-C to stop this server and shut down all kernels (twice to skip confirmation).
[I 2026-09-20 23:02:06.257 ServerApp] Skipped non-installed server(s): bash-language-server, dockerfile-language-server-nodejs, javascript-typescript-langserver, jedi-language-server, julia-language-server, pyright, python-language-server, r-languageserver, sql-language-server, texlab, typescript-language-server, unified-language-server, vscode-css-languageserver-bin, vscode-html-languageserver-bin, vscode-json-languageserver-bin, yaml-language-server
[I 2026-09-20 23:02:07.283 ServerApp] 302 GET / (@::1) 0.36ms
[I 2026-09-20 23:02:21.140 ServerApp] Kernel started: 4074272f-68bf-427a-8ac9-b60682c1c2d6
[I 2026-09-20 23:02:21.802 ServerApp] Connecting to kernel 4074272f-68bf-427a-8ac9-b60682c1c2d6.
[W 2026-09-20 23:02:21.803 ServerApp] The websocket_ping_timeout (90000) cannot be longer than the websocket_ping_interval (30000).
    Setting websocket_ping_timeout=30000
[I 2026-09-20 23:02:22.152 ServerApp] Starting buffering for 4074272f-68bf-427a-8ac9-b60682c1c2d6:c03c9cf1-6312-4fa9-8c6f-615fd319c359
[I 2026-09-20 23:02:22.153 ServerApp] Connecting to kernel 4074272f-68bf-427a-8ac9-b60682c1c2d6.
[I 2026-09-20 23:02:53.310 ServerApp] Kernel restarted: 4074272f-68bf-427a-8ac9-b60682c1c2d6
[I 2026-09-20 23:02:53.399 ServerApp] Starting buffering for 4074272f-68bf-427a-8ac9-b60682c1c2d6:97ed3517-9ec9-494a-bce3-8b865721722c
[I 2026-09-20 23:02:53.505 ServerApp] Connecting to kernel 4074272f-68bf-427a-8ac9-b60682c1c2d6.
[I 2026-09-20 23:02:53.506 ServerApp] Restoring connection for 4074272f-68bf-427a-8ac9-b60682c1c2d6:97ed3517-9ec9-494a-bce3-8b865721722c
[I 2026-09-20 23:04:21.554 ServerApp] Saving file at /train.ipynb
[I 2026-09-20 23:06:02.886 ServerApp] Kernel restarted: 4074272f-68bf-427a-8ac9-b60682c1c2d6
[I 2026-09-20 23:06:03.062 ServerApp] Starting buffering for 4074272f-68bf-427a-8ac9-b60682c1c2d6:97ed3517-9ec9-494a-bce3-8b865721722c
[I 2026-09-20 23:06:03.223 ServerApp] Connecting to kernel 4074272f-68bf-427a-8ac9-b60682c1c2d6.
[I 2026-09-20 23:06:03.223 ServerApp] Restoring connection for 4074272f-68bf-427a-8ac9-b60682c1c2d6:97ed3517-9ec9-494a-bce3-8b865721722c
[I 2026-09-20 23:06:22.449 ServerApp] Saving file at /train.ipynb
[I 2026-09-20 23:08:00.367 ServerApp] Kernel restarted: 4074272f-68bf-427a-8ac9-b60682c1c2d6
[I 2026-09-20 23:08:00.945 ServerApp] Starting buffering for 4074272f-68bf-427a-8ac9-b60682c1c2d6:97ed3517-9ec9-494a-bce3-8b865721722c
[I 2026-09-20 23:08:01.052 ServerApp] Connecting to kernel 4074272f-68bf-427a-8ac9-b60682c1c2d6.
[I 2026-09-20 23:08:01.052 ServerApp] Restoring connection for 4074272f-68bf-427a-8ac9-b60682c1c2d6:97ed3517-9ec9-494a-bce3-8b865721722c
[I 2026-09-20 23:08:23.146 ServerApp] Saving file at /train.ipynb
[I 2026-09-20 23:10:16.793 ServerApp] Kernel restarted: 4074272f-68bf-427a-8ac9-b60682c1c2d6
[I 2026-09-20 23:10:16.870 ServerApp] Starting buffering for 4074272f-68bf-427a-8ac9-b60682c1c2d6:97ed3517-9ec9-494a-bce3-8b865721722c
[I 2026-09-20 23:10:17.030 ServerApp] Connecting to kernel 4074272f-68bf-427a-8ac9-b60682c1c2d6.
[I 2026-09-20 23:10:17.030 ServerApp] Restoring connection for 4074272f-68bf-427a-8ac9-b60682c1c2d6:97ed3517-9ec9-494a-bce3-8b865721722c
[I 2026-09-20 23:10:24.032 ServerApp] Saving file at /train.ipynb
[I 2026-09-20 23:11:17.563 ServerApp] Kernel restarted: 4074272f-68bf-427a-8ac9-b60682c1c2d6
[I 2026-09-20 23:11:17.938 ServerApp] Starting buffering for 4074272f-68bf-427a-8ac9-b60682c1c2d6:97ed3517-9ec9-494a-bce3-8b865721722c
[I 2026-09-20 23:11:18.025 ServerApp] Connecting to kernel 4074272f-68bf-427a-8ac9-b60682c1c2d6.
[I 2026-09-20 23:11:18.025 ServerApp] Restoring connection for 4074272f-68bf-427a-8ac9-b60682c1c2d6:97ed3517-9ec9-494a-bce3-8b865721722c
[I 2026-09-20 23:11:59.009 ServerApp] Kernel restarted: 4074272f-68bf-427a-8ac9-b60682c1c2d6
[I 2026-09-20 23:11:59.083 ServerApp] Starting buffering for 4074272f-68bf-427a-8ac9-b60682c1c2d6:97ed3517-9ec9-494a-bce3-8b865721722c
[I 2026-09-20 23:11:59.242 ServerApp] Connecting to kernel 4074272f-68bf-427a-8ac9-b60682c1c2d6.
[I 2026-09-20 23:11:59.242 ServerApp] Restoring connection for 4074272f-68bf-427a-8ac9-b60682c1c2d6:97ed3517-9ec9-494a-bce3-8b865721722c
[I 2026-09-20 23:12:24.897 ServerApp] Saving file at /train.ipynb
[I 2026-09-21 00:41:53.952 ServerApp] Kernel restarted: 4074272f-68bf-427a-8ac9-b60682c1c2d6
[I 2026-09-21 00:41:54.098 ServerApp] Starting buffering for 4074272f-68bf-427a-8ac9-b60682c1c2d6:97ed3517-9ec9-494a-bce3-8b865721722c
[I 2026-09-21 00:41:54.195 ServerApp] Connecting to kernel 4074272f-68bf-427a-8ac9-b60682c1c2d6.
[I 2026-09-21 00:41:54.195 ServerApp] Restoring connection for 4074272f-68bf-427a-8ac9-b60682c1c2d6:97ed3517-9ec9-494a-bce3-8b865721722c
[I 2026-09-21 00:42:41.855 ServerApp] Saving file at /train.ipynb
[I 2026-09-21 00:44:42.782 ServerApp] Saving file at /train.ipynb
[I 2026-09-21 00:46:44.248 ServerApp] Saving file at /train.ipynb
[I 2026-09-21 00:48:45.385 ServerApp] Saving file at /train.ipynb
[I 2026-09-21 00:52:54.041 ServerApp] Kernel restarted: 4074272f-68bf-427a-8ac9-b60682c1c2d6
[I 2026-09-21 00:52:54.133 ServerApp] Starting buffering for 4074272f-68bf-427a-8ac9-b60682c1c2d6:97ed3517-9ec9-494a-bce3-8b865721722c
[I 2026-09-21 00:52:54.293 ServerApp] Connecting to kernel 4074272f-68bf-427a-8ac9-b60682c1c2d6.
[I 2026-09-21 00:52:54.293 ServerApp] Restoring connection for 4074272f-68bf-427a-8ac9-b60682c1c2d6:97ed3517-9ec9-494a-bce3-8b865721722c
[I 2026-09-21 00:54:35.273 ServerApp] Kernel restarted: 4074272f-68bf-427a-8ac9-b60682c1c2d6
[I 2026-09-21 00:54:35.359 ServerApp] Starting buffering for 4074272f-68bf-427a-8ac9-b60682c1c2d6:97ed3517-9ec9-494a-bce3-8b865721722c
[I 2026-09-21 00:54:35.518 ServerApp] Connecting to kernel 4074272f-68bf-427a-8ac9-b60682c1c2d6.
[I 2026-09-21 00:54:35.518 ServerApp] Restoring connection for 4074272f-68bf-427a-8ac9-b60682c1c2d6:97ed3517-9ec9-494a-bce3-8b865721722c
[I 2026-09-21 00:54:35.521 ServerApp] Replaying 1 buffered messages
[I 2026-09-21 00:54:46.251 ServerApp] Saving file at /train.ipynb
[I 2026-09-21 00:55:10.073 ServerApp] Saving file at /train.ipynb
[I 2026-09-21 00:59:10.878 ServerApp] Saving file at /train.ipynb
[I 2026-09-21 00:59:18.424 ServerApp] Kernel restarted: 4074272f-68bf-427a-8ac9-b60682c1c2d6
[I 2026-09-21 00:59:18.562 ServerApp] Starting buffering for 4074272f-68bf-427a-8ac9-b60682c1c2d6:97ed3517-9ec9-494a-bce3-8b865721722c
[I 2026-09-21 00:59:18.669 ServerApp] Connecting to kernel 4074272f-68bf-427a-8ac9-b60682c1c2d6.
[I 2026-09-21 00:59:18.669 ServerApp] Restoring connection for 4074272f-68bf-427a-8ac9-b60682c1c2d6:97ed3517-9ec9-494a-bce3-8b865721722c
[I 2026-09-21 01:01:11.601 ServerApp] Saving file at /train.ipynb
[I 2026-09-21 01:03:12.477 ServerApp] Saving file at /train.ipynb
[I 2026-09-21 01:05:55.644 ServerApp] Kernel restarted: 4074272f-68bf-427a-8ac9-b60682c1c2d6
[I 2026-09-21 01:05:55.763 ServerApp] Starting buffering for 4074272f-68bf-427a-8ac9-b60682c1c2d6:97ed3517-9ec9-494a-bce3-8b865721722c
[I 2026-09-21 01:05:55.858 ServerApp] Connecting to kernel 4074272f-68bf-427a-8ac9-b60682c1c2d6.
[I 2026-09-21 01:05:55.858 ServerApp] Restoring connection for 4074272f-68bf-427a-8ac9-b60682c1c2d6:97ed3517-9ec9-494a-bce3-8b865721722c
[I 2026-09-21 01:07:13.259 ServerApp] Saving file at /train.ipynb
[I 2026-09-21 01:08:02.869 ServerApp] Kernel restarted: 4074272f-68bf-427a-8ac9-b60682c1c2d6
[I 2026-09-21 01:08:02.943 ServerApp] Starting buffering for 4074272f-68bf-427a-8ac9-b60682c1c2d6:97ed3517-9ec9-494a-bce3-8b865721722c
[I 2026-09-21 01:08:03.102 ServerApp] Connecting to kernel 4074272f-68bf-427a-8ac9-b60682c1c2d6.
[I 2026-09-21 01:08:03.102 ServerApp] Restoring connection for 4074272f-68bf-427a-8ac9-b60682c1c2d6:97ed3517-9ec9-494a-bce3-8b865721722c
[I 2026-09-21 01:08:32.622 ServerApp] Kernel restarted: 4074272f-68bf-427a-8ac9-b60682c1c2d6
[I 2026-09-21 01:08:32.735 ServerApp] Starting buffering for 4074272f-68bf-427a-8ac9-b60682c1c2d6:97ed3517-9ec9-494a-bce3-8b865721722c
[I 2026-09-21 01:08:32.895 ServerApp] Connecting to kernel 4074272f-68bf-427a-8ac9-b60682c1c2d6.
[I 2026-09-21 01:08:32.895 ServerApp] Restoring connection for 4074272f-68bf-427a-8ac9-b60682c1c2d6:97ed3517-9ec9-494a-bce3-8b865721722c
[I 2026-09-21 01:09:14.131 ServerApp] Saving file at /train.ipynb
[I 2026-09-21 01:11:14.929 ServerApp] Saving file at /train.ipynb
[I 2026-09-21 01:12:22.849 ServerApp] Kernel restarted: 4074272f-68bf-427a-8ac9-b60682c1c2d6
[I 2026-09-21 01:12:22.957 ServerApp] Starting buffering for 4074272f-68bf-427a-8ac9-b60682c1c2d6:97ed3517-9ec9-494a-bce3-8b865721722c
[I 2026-09-21 01:12:23.034 ServerApp] Connecting to kernel 4074272f-68bf-427a-8ac9-b60682c1c2d6.
[I 2026-09-21 01:12:23.034 ServerApp] Restoring connection for 4074272f-68bf-427a-8ac9-b60682c1c2d6:97ed3517-9ec9-494a-bce3-8b865721722c
[I 2026-09-21 01:13:15.746 ServerApp] Saving file at /train.ipynb
[I 2026-09-21 01:13:58.362 ServerApp] Kernel restarted: 4074272f-68bf-427a-8ac9-b60682c1c2d6
[I 2026-09-21 01:13:58.466 ServerApp] Starting buffering for 4074272f-68bf-427a-8ac9-b60682c1c2d6:97ed3517-9ec9-494a-bce3-8b865721722c
[I 2026-09-21 01:13:58.645 ServerApp] Connecting to kernel 4074272f-68bf-427a-8ac9-b60682c1c2d6.
[I 2026-09-21 01:13:58.645 ServerApp] Restoring connection for 4074272f-68bf-427a-8ac9-b60682c1c2d6:97ed3517-9ec9-494a-bce3-8b865721722c
[I 2026-09-21 01:14:14.355 ServerApp] Kernel restarted: 4074272f-68bf-427a-8ac9-b60682c1c2d6
[I 2026-09-21 01:14:14.736 ServerApp] Starting buffering for 4074272f-68bf-427a-8ac9-b60682c1c2d6:97ed3517-9ec9-494a-bce3-8b865721722c
[I 2026-09-21 01:14:14.895 ServerApp] Connecting to kernel 4074272f-68bf-427a-8ac9-b60682c1c2d6.
[I 2026-09-21 01:14:14.895 ServerApp] Restoring connection for 4074272f-68bf-427a-8ac9-b60682c1c2d6:97ed3517-9ec9-494a-bce3-8b865721722c
[I 2026-09-21 01:15:16.595 ServerApp] Saving file at /train.ipynb
[I 2026-09-21 01:18:13.606 ServerApp] Kernel restarted: 4074272f-68bf-427a-8ac9-b60682c1c2d6
[I 2026-09-21 01:18:13.785 ServerApp] Starting buffering for 4074272f-68bf-427a-8ac9-b60682c1c2d6:97ed3517-9ec9-494a-bce3-8b865721722c
[I 2026-09-21 01:18:13.944 ServerApp] Connecting to kernel 4074272f-68bf-427a-8ac9-b60682c1c2d6.
[I 2026-09-21 01:18:13.944 ServerApp] Restoring connection for 4074272f-68bf-427a-8ac9-b60682c1c2d6:97ed3517-9ec9-494a-bce3-8b865721722c
[I 2026-09-21 01:18:13.951 ServerApp] Replaying 2 buffered messages
[I 2026-09-21 01:19:17.411 ServerApp] Saving file at /train.ipynb
[I 2026-09-21 01:21:02.459 ServerApp] Kernel restarted: 4074272f-68bf-427a-8ac9-b60682c1c2d6
[I 2026-09-21 01:21:02.642 ServerApp] Starting buffering for 4074272f-68bf-427a-8ac9-b60682c1c2d6:97ed3517-9ec9-494a-bce3-8b865721722c
[I 2026-09-21 01:21:02.781 ServerApp] Connecting to kernel 4074272f-68bf-427a-8ac9-b60682c1c2d6.
[I 2026-09-21 01:21:02.781 ServerApp] Restoring connection for 4074272f-68bf-427a-8ac9-b60682c1c2d6:97ed3517-9ec9-494a-bce3-8b865721722c
[I 2026-09-21 01:21:02.788 ServerApp] Replaying 3 buffered messages
[I 2026-09-21 01:21:19.152 ServerApp] Saving file at /train.ipynb
[I 2026-09-21 01:22:04.283 ServerApp] Kernel restarted: 4074272f-68bf-427a-8ac9-b60682c1c2d6
[I 2026-09-21 01:22:04.548 ServerApp] Starting buffering for 4074272f-68bf-427a-8ac9-b60682c1c2d6:97ed3517-9ec9-494a-bce3-8b865721722c
[I 2026-09-21 01:22:04.707 ServerApp] Connecting to kernel 4074272f-68bf-427a-8ac9-b60682c1c2d6.
[I 2026-09-21 01:22:04.708 ServerApp] Restoring connection for 4074272f-68bf-427a-8ac9-b60682c1c2d6:97ed3517-9ec9-494a-bce3-8b865721722c
[I 2026-09-21 01:22:04.717 ServerApp] Replaying 2 buffered messages
[I 2026-09-21 01:23:20.116 ServerApp] Saving file at /train.ipynb
[I 2026-09-21 01:23:30.261 ServerApp] Kernel restarted: 4074272f-68bf-427a-8ac9-b60682c1c2d6
[I 2026-09-21 01:23:30.335 ServerApp] Starting buffering for 4074272f-68bf-427a-8ac9-b60682c1c2d6:97ed3517-9ec9-494a-bce3-8b865721722c
[I 2026-09-21 01:23:30.496 ServerApp] Connecting to kernel 4074272f-68bf-427a-8ac9-b60682c1c2d6.
[I 2026-09-21 01:23:30.496 ServerApp] Restoring connection for 4074272f-68bf-427a-8ac9-b60682c1c2d6:97ed3517-9ec9-494a-bce3-8b865721722c
[I 2026-09-21 01:23:30.499 ServerApp] Replaying 1 buffered messages
[I 2026-09-21 01:25:20.922 ServerApp] Saving file at /train.ipynb
[I 2026-09-21 01:27:21.811 ServerApp] Saving file at /train.ipynb
[I 2026-09-21 01:30:35.485 ServerApp] Kernel restarted: 4074272f-68bf-427a-8ac9-b60682c1c2d6
[I 2026-09-21 01:30:35.805 ServerApp] Starting buffering for 4074272f-68bf-427a-8ac9-b60682c1c2d6:97ed3517-9ec9-494a-bce3-8b865721722c
[I 2026-09-21 01:30:35.927 ServerApp] Connecting to kernel 4074272f-68bf-427a-8ac9-b60682c1c2d6.
[I 2026-09-21 01:30:35.927 ServerApp] Restoring connection for 4074272f-68bf-427a-8ac9-b60682c1c2d6:97ed3517-9ec9-494a-bce3-8b865721722c
[I 2026-09-21 01:30:52.790 ServerApp] Kernel restarted: 4074272f-68bf-427a-8ac9-b60682c1c2d6
[I 2026-09-21 01:30:52.921 ServerApp] Starting buffering for 4074272f-68bf-427a-8ac9-b60682c1c2d6:97ed3517-9ec9-494a-bce3-8b865721722c
[I 2026-09-21 01:30:53.027 ServerApp] Connecting to kernel 4074272f-68bf-427a-8ac9-b60682c1c2d6.
[I 2026-09-21 01:30:53.027 ServerApp] Restoring connection for 4074272f-68bf-427a-8ac9-b60682c1c2d6:97ed3517-9ec9-494a-bce3-8b865721722c
[I 2026-09-21 01:30:53.030 ServerApp] Replaying 3 buffered messages
[I 2026-09-21 01:31:23.382 ServerApp] Saving file at /train.ipynb
[I 2026-09-21 01:33:24.912 ServerApp] Saving file at /train.ipynb
[I 2026-09-21 01:46:53.881 ServerApp] Kernel restarted: 4074272f-68bf-427a-8ac9-b60682c1c2d6
[I 2026-09-21 01:46:54.012 ServerApp] Starting buffering for 4074272f-68bf-427a-8ac9-b60682c1c2d6:97ed3517-9ec9-494a-bce3-8b865721722c
[I 2026-09-21 01:46:54.170 ServerApp] Connecting to kernel 4074272f-68bf-427a-8ac9-b60682c1c2d6.
[I 2026-09-21 01:46:54.170 ServerApp] Restoring connection for 4074272f-68bf-427a-8ac9-b60682c1c2d6:97ed3517-9ec9-494a-bce3-8b865721722c
[I 2026-09-21 01:47:27.916 ServerApp] Saving file at /train.ipynb
[IPKernelApp] ERROR | Exception in message handler:
Traceback (most recent call last):
  File "/home/baris/anaconda3/envs/py311/lib/python3.11/site-packages/ipykernel/kernelbase.py", line 471, in dispatch_shell
    await result
  File "/home/baris/anaconda3/envs/py311/lib/python3.11/site-packages/ipykernel/ipkernel.py", line 366, in execute_request
    await super().execute_request(stream, ident, parent)
  File "/home/baris/anaconda3/envs/py311/lib/python3.11/site-packages/ipykernel/kernelbase.py", line 850, in execute_request
    reply_msg: dict[str, t.Any] = self.session.send(  # type:ignore[assignment]
                                  ^^^^^^^^^^^^^^^^^^^^^^^^^^^^^^^^^^^^^^^^^^^^^
  File "/home/baris/anaconda3/envs/py311/lib/python3.11/site-packages/jupyter_client/session.py", line 863, in send
    stream.send_multipart(to_send, copy=copy)
  File "/home/baris/anaconda3/envs/py311/lib/python3.11/site-packages/zmq/sugar/socket.py", line 749, in send_multipart
    self.send(msg, zmq.SNDMORE | flags, copy=copy, track=track)
  File "/home/baris/anaconda3/envs/py311/lib/python3.11/site-packages/zmq/sugar/socket.py", line 698, in send
    return super().send(data, flags=flags, copy=copy, track=track)
           ^^^^^^^^^^^^^^^^^^^^^^^^^^^^^^^^^^^^^^^^^^^^^^^^^^^^^^^
  File "zmq/backend/cython/_zmq.py", line 1152, in zmq.backend.cython._zmq.Socket.send
  File "zmq/backend/cython/_zmq.py", line 1194, in zmq.backend.cython._zmq.Socket.send
  File "zmq/backend/cython/_zmq.py", line 1339, in zmq.backend.cython._zmq._check_closed
zmq.error.ZMQError: Socket operation on non-socket
WARNING:tornado.general:Got events for closed stream <zmq.eventloop.zmqstream.ZMQStream object at 0x7f70d6685490>
[IPKernelApp] ERROR | Exception in message handler:
Traceback (most recent call last):
  File "/home/baris/anaconda3/envs/py311/lib/python3.11/site-packages/ipykernel/kernelbase.py", line 471, in dispatch_shell
    await result
  File "/home/baris/anaconda3/envs/py311/lib/python3.11/site-packages/ipykernel/kernelbase.py", line 1030, in comm_info_request
    msg = self.session.send(stream, "comm_info_reply", reply_content, parent, ident)
          ^^^^^^^^^^^^^^^^^^^^^^^^^^^^^^^^^^^^^^^^^^^^^^^^^^^^^^^^^^^^^^^^^^^^^^^^^^
  File "/home/baris/anaconda3/envs/py311/lib/python3.11/site-packages/jupyter_client/session.py", line 863, in send
    stream.send_multipart(to_send, copy=copy)
  File "/home/baris/anaconda3/envs/py311/lib/python3.11/site-packages/zmq/sugar/socket.py", line 749, in send_multipart
    self.send(msg, zmq.SNDMORE | flags, copy=copy, track=track)
  File "/home/baris/anaconda3/envs/py311/lib/python3.11/site-packages/zmq/sugar/socket.py", line 698, in send
    return super().send(data, flags=flags, copy=copy, track=track)
           ^^^^^^^^^^^^^^^^^^^^^^^^^^^^^^^^^^^^^^^^^^^^^^^^^^^^^^^
  File "zmq/backend/cython/_zmq.py", line 1152, in zmq.backend.cython._zmq.Socket.send
  File "zmq/backend/cython/_zmq.py", line 1194, in zmq.backend.cython._zmq.Socket.send
  File "zmq/backend/cython/_zmq.py", line 1339, in zmq.backend.cython._zmq._check_closed
zmq.error.ZMQError: Socket operation on non-socket
[I 2026-09-21 01:47:38.208 ServerApp] Kernel restarted: 4074272f-68bf-427a-8ac9-b60682c1c2d6
[I 2026-09-21 01:47:38.322 ServerApp] Starting buffering for 4074272f-68bf-427a-8ac9-b60682c1c2d6:97ed3517-9ec9-494a-bce3-8b865721722c
[I 2026-09-21 01:47:38.481 ServerApp] Connecting to kernel 4074272f-68bf-427a-8ac9-b60682c1c2d6.
[I 2026-09-21 01:47:38.481 ServerApp] Restoring connection for 4074272f-68bf-427a-8ac9-b60682c1c2d6:97ed3517-9ec9-494a-bce3-8b865721722c
[I 2026-09-21 01:49:28.755 ServerApp] Saving file at /train.ipynb
[I 2026-09-21 01:51:13.359 ServerApp] Kernel restarted: 4074272f-68bf-427a-8ac9-b60682c1c2d6
[I 2026-09-21 01:51:13.437 ServerApp] Starting buffering for 4074272f-68bf-427a-8ac9-b60682c1c2d6:97ed3517-9ec9-494a-bce3-8b865721722c
[I 2026-09-21 01:51:13.596 ServerApp] Connecting to kernel 4074272f-68bf-427a-8ac9-b60682c1c2d6.
[I 2026-09-21 01:51:13.596 ServerApp] Restoring connection for 4074272f-68bf-427a-8ac9-b60682c1c2d6:97ed3517-9ec9-494a-bce3-8b865721722c
[I 2026-09-21 01:51:29.561 ServerApp] Saving file at /train.ipynb
[I 2026-09-21 01:53:30.457 ServerApp] Saving file at /train.ipynb
[I 2026-09-21 01:54:19.520 ServerApp] Kernel restarted: 4074272f-68bf-427a-8ac9-b60682c1c2d6
[I 2026-09-21 01:54:19.662 ServerApp] Starting buffering for 4074272f-68bf-427a-8ac9-b60682c1c2d6:97ed3517-9ec9-494a-bce3-8b865721722c
[I 2026-09-21 01:54:19.822 ServerApp] Connecting to kernel 4074272f-68bf-427a-8ac9-b60682c1c2d6.
[I 2026-09-21 01:54:19.822 ServerApp] Restoring connection for 4074272f-68bf-427a-8ac9-b60682c1c2d6:97ed3517-9ec9-494a-bce3-8b865721722c
[I 2026-09-21 01:55:31.266 ServerApp] Saving file at /train.ipynb
[I 2026-09-21 01:56:59.794 ServerApp] Kernel restarted: 4074272f-68bf-427a-8ac9-b60682c1c2d6
[I 2026-09-21 01:56:59.924 ServerApp] Starting buffering for 4074272f-68bf-427a-8ac9-b60682c1c2d6:97ed3517-9ec9-494a-bce3-8b865721722c
[I 2026-09-21 01:57:00.032 ServerApp] Connecting to kernel 4074272f-68bf-427a-8ac9-b60682c1c2d6.
[I 2026-09-21 01:57:00.032 ServerApp] Restoring connection for 4074272f-68bf-427a-8ac9-b60682c1c2d6:97ed3517-9ec9-494a-bce3-8b865721722c
[I 2026-09-21 01:57:20.529 ServerApp] Kernel restarted: 4074272f-68bf-427a-8ac9-b60682c1c2d6
[I 2026-09-21 01:57:20.690 ServerApp] Starting buffering for 4074272f-68bf-427a-8ac9-b60682c1c2d6:97ed3517-9ec9-494a-bce3-8b865721722c
[I 2026-09-21 01:57:20.850 ServerApp] Connecting to kernel 4074272f-68bf-427a-8ac9-b60682c1c2d6.
[I 2026-09-21 01:57:20.850 ServerApp] Restoring connection for 4074272f-68bf-427a-8ac9-b60682c1c2d6:97ed3517-9ec9-494a-bce3-8b865721722c
[I 2026-09-21 01:57:32.455 ServerApp] Saving file at /train.ipynb
[I 2026-09-21 01:59:19.201 ServerApp] Kernel restarted: 4074272f-68bf-427a-8ac9-b60682c1c2d6
[I 2026-09-21 01:59:19.274 ServerApp] Starting buffering for 4074272f-68bf-427a-8ac9-b60682c1c2d6:97ed3517-9ec9-494a-bce3-8b865721722c
[I 2026-09-21 01:59:19.433 ServerApp] Connecting to kernel 4074272f-68bf-427a-8ac9-b60682c1c2d6.
[I 2026-09-21 01:59:19.433 ServerApp] Restoring connection for 4074272f-68bf-427a-8ac9-b60682c1c2d6:97ed3517-9ec9-494a-bce3-8b865721722c
[I 2026-09-21 01:59:33.016 ServerApp] Saving file at /train.ipynb
[I 2026-09-21 02:00:51.566 ServerApp] Kernel restarted: 4074272f-68bf-427a-8ac9-b60682c1c2d6
[I 2026-09-21 02:00:51.640 ServerApp] Starting buffering for 4074272f-68bf-427a-8ac9-b60682c1c2d6:97ed3517-9ec9-494a-bce3-8b865721722c
[I 2026-09-21 02:00:51.799 ServerApp] Connecting to kernel 4074272f-68bf-427a-8ac9-b60682c1c2d6.
[I 2026-09-21 02:00:51.799 ServerApp] Restoring connection for 4074272f-68bf-427a-8ac9-b60682c1c2d6:97ed3517-9ec9-494a-bce3-8b865721722c
[I 2026-09-21 02:01:33.722 ServerApp] Saving file at /train.ipynb
[I 2026-09-21 02:02:07.546 ServerApp] Kernel restarted: 4074272f-68bf-427a-8ac9-b60682c1c2d6
[I 2026-09-21 02:02:07.633 ServerApp] Starting buffering for 4074272f-68bf-427a-8ac9-b60682c1c2d6:97ed3517-9ec9-494a-bce3-8b865721722c
[I 2026-09-21 02:02:07.792 ServerApp] Connecting to kernel 4074272f-68bf-427a-8ac9-b60682c1c2d6.
[I 2026-09-21 02:02:07.792 ServerApp] Restoring connection for 4074272f-68bf-427a-8ac9-b60682c1c2d6:97ed3517-9ec9-494a-bce3-8b865721722c
[I 2026-09-21 02:02:07.795 ServerApp] Replaying 1 buffered messages
[I 2026-09-21 02:03:21.474 ServerApp] Kernel restarted: 4074272f-68bf-427a-8ac9-b60682c1c2d6
[I 2026-09-21 02:03:21.550 ServerApp] Starting buffering for 4074272f-68bf-427a-8ac9-b60682c1c2d6:97ed3517-9ec9-494a-bce3-8b865721722c
[I 2026-09-21 02:03:21.709 ServerApp] Connecting to kernel 4074272f-68bf-427a-8ac9-b60682c1c2d6.
[I 2026-09-21 02:03:21.709 ServerApp] Restoring connection for 4074272f-68bf-427a-8ac9-b60682c1c2d6:97ed3517-9ec9-494a-bce3-8b865721722c
[I 2026-09-21 02:03:34.595 ServerApp] Saving file at /train.ipynb
[I 2026-09-21 02:04:19.651 ServerApp] Kernel restarted: 4074272f-68bf-427a-8ac9-b60682c1c2d6
[I 2026-09-21 02:04:19.724 ServerApp] Starting buffering for 4074272f-68bf-427a-8ac9-b60682c1c2d6:97ed3517-9ec9-494a-bce3-8b865721722c
[I 2026-09-21 02:04:19.866 ServerApp] Connecting to kernel 4074272f-68bf-427a-8ac9-b60682c1c2d6.
[I 2026-09-21 02:04:19.866 ServerApp] Restoring connection for 4074272f-68bf-427a-8ac9-b60682c1c2d6:97ed3517-9ec9-494a-bce3-8b865721722c
[I 2026-09-21 02:05:07.728 ServerApp] Kernel restarted: 4074272f-68bf-427a-8ac9-b60682c1c2d6
[I 2026-09-21 02:05:07.836 ServerApp] Starting buffering for 4074272f-68bf-427a-8ac9-b60682c1c2d6:97ed3517-9ec9-494a-bce3-8b865721722c
[I 2026-09-21 02:05:07.943 ServerApp] Connecting to kernel 4074272f-68bf-427a-8ac9-b60682c1c2d6.
[I 2026-09-21 02:05:07.943 ServerApp] Restoring connection for 4074272f-68bf-427a-8ac9-b60682c1c2d6:97ed3517-9ec9-494a-bce3-8b865721722c
[I 2026-09-21 02:05:35.194 ServerApp] Saving file at /train.ipynb
[I 2026-09-21 02:06:06.132 ServerApp] Kernel restarted: 4074272f-68bf-427a-8ac9-b60682c1c2d6
[I 2026-09-21 02:06:06.232 ServerApp] Starting buffering for 4074272f-68bf-427a-8ac9-b60682c1c2d6:97ed3517-9ec9-494a-bce3-8b865721722c
[I 2026-09-21 02:06:06.392 ServerApp] Connecting to kernel 4074272f-68bf-427a-8ac9-b60682c1c2d6.
[I 2026-09-21 02:06:06.392 ServerApp] Restoring connection for 4074272f-68bf-427a-8ac9-b60682c1c2d6:97ed3517-9ec9-494a-bce3-8b865721722c
[I 2026-09-21 02:06:06.394 ServerApp] Replaying 1 buffered messages
[I 2026-09-21 02:06:18.805 ServerApp] Kernel interrupted: 4074272f-68bf-427a-8ac9-b60682c1c2d6
[I 2026-09-21 02:07:36.126 ServerApp] Saving file at /train.ipynb
[I 2026-09-21 02:14:36.251 ServerApp] Kernel restarted: 4074272f-68bf-427a-8ac9-b60682c1c2d6
[I 2026-09-21 02:14:36.412 ServerApp] Starting buffering for 4074272f-68bf-427a-8ac9-b60682c1c2d6:97ed3517-9ec9-494a-bce3-8b865721722c
[I 2026-09-21 02:14:36.571 ServerApp] Connecting to kernel 4074272f-68bf-427a-8ac9-b60682c1c2d6.
[I 2026-09-21 02:14:36.571 ServerApp] Restoring connection for 4074272f-68bf-427a-8ac9-b60682c1c2d6:97ed3517-9ec9-494a-bce3-8b865721722c
[I 2026-09-21 02:15:36.914 ServerApp] Saving file at /train.ipynb
[I 2026-09-21 02:15:55.150 ServerApp] Kernel restarted: 4074272f-68bf-427a-8ac9-b60682c1c2d6
[I 2026-09-21 02:15:55.226 ServerApp] Starting buffering for 4074272f-68bf-427a-8ac9-b60682c1c2d6:97ed3517-9ec9-494a-bce3-8b865721722c
[I 2026-09-21 02:15:55.384 ServerApp] Connecting to kernel 4074272f-68bf-427a-8ac9-b60682c1c2d6.
[I 2026-09-21 02:15:55.384 ServerApp] Restoring connection for 4074272f-68bf-427a-8ac9-b60682c1c2d6:97ed3517-9ec9-494a-bce3-8b865721722c
[I 2026-09-21 02:17:37.969 ServerApp] Saving file at /train.ipynb
[I 2026-09-21 02:18:06.257 ServerApp] Kernel restarted: 4074272f-68bf-427a-8ac9-b60682c1c2d6
[I 2026-09-21 02:18:06.360 ServerApp] Starting buffering for 4074272f-68bf-427a-8ac9-b60682c1c2d6:97ed3517-9ec9-494a-bce3-8b865721722c
[I 2026-09-21 02:18:06.479 ServerApp] Connecting to kernel 4074272f-68bf-427a-8ac9-b60682c1c2d6.
[I 2026-09-21 02:18:06.479 ServerApp] Restoring connection for 4074272f-68bf-427a-8ac9-b60682c1c2d6:97ed3517-9ec9-494a-bce3-8b865721722c
[I 2026-09-21 02:18:15.258 ServerApp] Kernel restarted: 4074272f-68bf-427a-8ac9-b60682c1c2d6
[I 2026-09-21 02:18:15.364 ServerApp] Starting buffering for 4074272f-68bf-427a-8ac9-b60682c1c2d6:97ed3517-9ec9-494a-bce3-8b865721722c
[I 2026-09-21 02:18:15.471 ServerApp] Connecting to kernel 4074272f-68bf-427a-8ac9-b60682c1c2d6.
[I 2026-09-21 02:18:15.471 ServerApp] Restoring connection for 4074272f-68bf-427a-8ac9-b60682c1c2d6:97ed3517-9ec9-494a-bce3-8b865721722c
[I 2026-09-21 02:18:46.028 ServerApp] Kernel restarted: 4074272f-68bf-427a-8ac9-b60682c1c2d6
[I 2026-09-21 02:18:46.101 ServerApp] Starting buffering for 4074272f-68bf-427a-8ac9-b60682c1c2d6:97ed3517-9ec9-494a-bce3-8b865721722c
[I 2026-09-21 02:18:46.262 ServerApp] Connecting to kernel 4074272f-68bf-427a-8ac9-b60682c1c2d6.
[I 2026-09-21 02:18:46.263 ServerApp] Restoring connection for 4074272f-68bf-427a-8ac9-b60682c1c2d6:97ed3517-9ec9-494a-bce3-8b865721722c
[I 2026-09-21 02:18:46.265 ServerApp] Replaying 1 buffered messages
[I 2026-09-21 02:19:38.832 ServerApp] Saving file at /train.ipynb
[I 2026-09-21 02:21:40.414 ServerApp] Saving file at /train.ipynb
[I 2026-09-21 02:21:50.215 ServerApp] Kernel restarted: 4074272f-68bf-427a-8ac9-b60682c1c2d6
[I 2026-09-21 02:21:50.290 ServerApp] Starting buffering for 4074272f-68bf-427a-8ac9-b60682c1c2d6:97ed3517-9ec9-494a-bce3-8b865721722c
[I 2026-09-21 02:21:50.421 ServerApp] Connecting to kernel 4074272f-68bf-427a-8ac9-b60682c1c2d6.
[I 2026-09-21 02:21:50.421 ServerApp] Restoring connection for 4074272f-68bf-427a-8ac9-b60682c1c2d6:97ed3517-9ec9-494a-bce3-8b865721722c
[I 2026-09-21 02:23:42.046 ServerApp] Saving file at /train.ipynb
[I 2026-09-21 02:29:41.001 ServerApp] Kernel restarted: 4074272f-68bf-427a-8ac9-b60682c1c2d6
[I 2026-09-21 02:29:41.134 ServerApp] Starting buffering for 4074272f-68bf-427a-8ac9-b60682c1c2d6:97ed3517-9ec9-494a-bce3-8b865721722c
[I 2026-09-21 02:29:41.293 ServerApp] Connecting to kernel 4074272f-68bf-427a-8ac9-b60682c1c2d6.
[I 2026-09-21 02:29:41.293 ServerApp] Restoring connection for 4074272f-68bf-427a-8ac9-b60682c1c2d6:97ed3517-9ec9-494a-bce3-8b865721722c
[I 2026-09-21 02:29:43.422 ServerApp] Saving file at /train.ipynb
[I 2026-09-21 02:31:04.560 ServerApp] Kernel restarted: 4074272f-68bf-427a-8ac9-b60682c1c2d6
[I 2026-09-21 02:31:04.636 ServerApp] Starting buffering for 4074272f-68bf-427a-8ac9-b60682c1c2d6:97ed3517-9ec9-494a-bce3-8b865721722c
[I 2026-09-21 02:31:04.795 ServerApp] Connecting to kernel 4074272f-68bf-427a-8ac9-b60682c1c2d6.
[I 2026-09-21 02:31:04.795 ServerApp] Restoring connection for 4074272f-68bf-427a-8ac9-b60682c1c2d6:97ed3517-9ec9-494a-bce3-8b865721722c
[I 2026-09-21 02:33:57.467 ServerApp] Kernel restarted: 4074272f-68bf-427a-8ac9-b60682c1c2d6
[I 2026-09-21 02:33:57.548 ServerApp] Starting buffering for 4074272f-68bf-427a-8ac9-b60682c1c2d6:97ed3517-9ec9-494a-bce3-8b865721722c
[I 2026-09-21 02:33:57.706 ServerApp] Connecting to kernel 4074272f-68bf-427a-8ac9-b60682c1c2d6.
[I 2026-09-21 02:33:57.706 ServerApp] Restoring connection for 4074272f-68bf-427a-8ac9-b60682c1c2d6:97ed3517-9ec9-494a-bce3-8b865721722c
[I 2026-09-21 02:35:44.202 ServerApp] Saving file at /train.ipynb
[I 2026-09-21 02:37:45.149 ServerApp] Saving file at /train.ipynb
[I 2026-09-21 02:55:25.273 ServerApp] Kernel restarted: 4074272f-68bf-427a-8ac9-b60682c1c2d6
[I 2026-09-21 02:55:25.469 ServerApp] Starting buffering for 4074272f-68bf-427a-8ac9-b60682c1c2d6:97ed3517-9ec9-494a-bce3-8b865721722c
[I 2026-09-21 02:55:25.577 ServerApp] Connecting to kernel 4074272f-68bf-427a-8ac9-b60682c1c2d6.
[I 2026-09-21 02:55:25.577 ServerApp] Restoring connection for 4074272f-68bf-427a-8ac9-b60682c1c2d6:97ed3517-9ec9-494a-bce3-8b865721722c
[I 2026-09-21 02:55:50.096 ServerApp] Saving file at /train.ipynb
[IPKernelApp] ERROR | Exception in message handler:
Traceback (most recent call last):
  File "/home/baris/anaconda3/envs/py311/lib/python3.11/site-packages/ipykernel/kernelbase.py", line 471, in dispatch_shell
    await result
  File "/home/baris/anaconda3/envs/py311/lib/python3.11/site-packages/ipykernel/ipkernel.py", line 366, in execute_request
    await super().execute_request(stream, ident, parent)
  File "/home/baris/anaconda3/envs/py311/lib/python3.11/site-packages/ipykernel/kernelbase.py", line 850, in execute_request
    reply_msg: dict[str, t.Any] = self.session.send(  # type:ignore[assignment]
                                  ^^^^^^^^^^^^^^^^^^^^^^^^^^^^^^^^^^^^^^^^^^^^^
  File "/home/baris/anaconda3/envs/py311/lib/python3.11/site-packages/jupyter_client/session.py", line 863, in send
    stream.send_multipart(to_send, copy=copy)
  File "/home/baris/anaconda3/envs/py311/lib/python3.11/site-packages/zmq/sugar/socket.py", line 749, in send_multipart
    self.send(msg, zmq.SNDMORE | flags, copy=copy, track=track)
  File "/home/baris/anaconda3/envs/py311/lib/python3.11/site-packages/zmq/sugar/socket.py", line 698, in send
    return super().send(data, flags=flags, copy=copy, track=track)
           ^^^^^^^^^^^^^^^^^^^^^^^^^^^^^^^^^^^^^^^^^^^^^^^^^^^^^^^
  File "zmq/backend/cython/_zmq.py", line 1152, in zmq.backend.cython._zmq.Socket.send
  File "zmq/backend/cython/_zmq.py", line 1194, in zmq.backend.cython._zmq.Socket.send
  File "zmq/backend/cython/_zmq.py", line 1339, in zmq.backend.cython._zmq._check_closed
zmq.error.ZMQError: Socket operation on non-socket
[I 2026-09-21 02:56:00.507 ServerApp] Kernel restarted: 4074272f-68bf-427a-8ac9-b60682c1c2d6
[I 2026-09-21 02:56:00.636 ServerApp] Starting buffering for 4074272f-68bf-427a-8ac9-b60682c1c2d6:97ed3517-9ec9-494a-bce3-8b865721722c
[I 2026-09-21 02:56:00.948 ServerApp] Connecting to kernel 4074272f-68bf-427a-8ac9-b60682c1c2d6.
[I 2026-09-21 02:56:00.949 ServerApp] Restoring connection for 4074272f-68bf-427a-8ac9-b60682c1c2d6:97ed3517-9ec9-494a-bce3-8b865721722c
[C 2026-09-21 02:56:14.268 ServerApp] received signal 15, stopping
[I 2026-09-21 02:56:14.270 ServerApp] Shutting down 6 extensions
[I 2026-09-21 02:56:14.272 ServerApp] Shutting down 1 kernel
[I 2026-09-21 02:56:14.273 ServerApp] Kernel shutdown: 4074272f-68bf-427a-8ac9-b60682c1c2d6
[I 2026-09-21 02:56:26.346 ServerApp] Extension package panel.io.jupyter_server_extension took 0.7336s to import
[I 2026-09-21 02:56:26.347 ServerApp] jupyter_lsp | extension was successfully linked.
[I 2026-09-21 02:56:26.349 ServerApp] jupyter_server_terminals | extension was successfully linked.
[I 2026-09-21 02:56:26.351 ServerApp] jupyterlab | extension was successfully linked.
[I 2026-09-21 02:56:26.353 ServerApp] notebook | extension was successfully linked.
[I 2026-09-21 02:56:26.751 ServerApp] notebook_shim | extension was successfully linked.
[I 2026-09-21 02:56:26.751 ServerApp] panel.io.jupyter_server_extension | extension was successfully linked.
[I 2026-09-21 02:56:26.762 ServerApp] notebook_shim | extension was successfully loaded.
[I 2026-09-21 02:56:26.764 ServerApp] jupyter_lsp | extension was successfully loaded.
[I 2026-09-21 02:56:26.764 ServerApp] jupyter_server_terminals | extension was successfully loaded.
[I 2026-09-21 02:56:26.765 LabApp] JupyterLab extension loaded from /home/baris/anaconda3/lib/python3.13/site-packages/jupyterlab
[I 2026-09-21 02:56:26.765 LabApp] JupyterLab application directory is /home/baris/anaconda3/share/jupyter/lab
[I 2026-09-21 02:56:26.766 LabApp] Extension Manager is 'pypi'.
[I 2026-09-21 02:56:26.802 ServerApp] jupyterlab | extension was successfully loaded.
[I 2026-09-21 02:56:26.804 ServerApp] notebook | extension was successfully loaded.
[I 2026-09-21 02:56:26.805 ServerApp] panel.io.jupyter_server_extension | extension was successfully loaded.
[I 2026-09-21 02:56:26.805 ServerApp] Serving notebooks from local directory: /home/baris/database_transformer
[I 2026-09-21 02:56:26.805 ServerApp] Jupyter Server 2.15.0 is running at:
[I 2026-09-21 02:56:26.805 ServerApp] http://localhost:8888/tree
[I 2026-09-21 02:56:26.805 ServerApp]     http://127.0.0.1:8888/tree
[I 2026-09-21 02:56:26.805 ServerApp] Use Control-C to stop this server and shut down all kernels (twice to skip confirmation).
[I 2026-09-21 02:56:26.886 ServerApp] Skipped non-installed server(s): bash-language-server, dockerfile-language-server-nodejs, javascript-typescript-langserver, jedi-language-server, julia-language-server, pyright, python-language-server, r-languageserver, sql-language-server, texlab, typescript-language-server, unified-language-server, vscode-css-languageserver-bin, vscode-html-languageserver-bin, vscode-json-languageserver-bin, yaml-language-server
[W 2026-09-21 02:56:48.948 ServerApp] 404 GET /api/kernels/4074272f-68bf-427a-8ac9-b60682c1c2d6?1789948608825 (::1): Kernel does not exist: 4074272f-68bf-427a-8ac9-b60682c1c2d6
[W 2026-09-21 02:56:48.949 ServerApp] wrote error: 'Kernel does not exist: 4074272f-68bf-427a-8ac9-b60682c1c2d6'
    Traceback (most recent call last):
      File "/home/baris/anaconda3/lib/python3.13/site-packages/tornado/web.py", line 1848, in _execute
        result = await result
                 ^^^^^^^^^^^^
      File "/home/baris/anaconda3/lib/python3.13/site-packages/jupyter_server/auth/decorator.py", line 73, in inner
        return await out
               ^^^^^^^^^
      File "/home/baris/anaconda3/lib/python3.13/site-packages/jupyter_server/services/kernels/handlers.py", line 75, in get
        model = await ensure_async(km.kernel_model(kernel_id))
                                   ~~~~~~~~~~~~~~~^^^^^^^^^^^
      File "/home/baris/anaconda3/lib/python3.13/site-packages/jupyter_server/services/kernels/kernelmanager.py", line 508, in kernel_model
        self._check_kernel_id(kernel_id)
        ~~~~~~~~~~~~~~~~~~~~~^^^^^^^^^^^
      File "/home/baris/anaconda3/lib/python3.13/site-packages/jupyter_server/services/kernels/kernelmanager.py", line 539, in _check_kernel_id
        raise web.HTTPError(404, "Kernel does not exist: %s" % kernel_id)
    tornado.web.HTTPError: HTTP 404: Not Found (Kernel does not exist: 4074272f-68bf-427a-8ac9-b60682c1c2d6)
[W 2026-09-21 02:56:48.952 ServerApp] 404 GET /api/kernels/4074272f-68bf-427a-8ac9-b60682c1c2d6?1789948608825 (8badea1fd6444391b68819cfcabcbc54@::1) 4.70ms referer=http://localhost:8888/notebooks/train.ipynb
[W 2026-09-21 02:56:50.939 ServerApp] 404 GET /api/kernels/4074272f-68bf-427a-8ac9-b60682c1c2d6/channels?session_id=97ed3517-9ec9-494a-bce3-8b865721722c (::1): Kernel does not exist: 4074272f-68bf-427a-8ac9-b60682c1c2d6
[W 2026-09-21 02:56:50.949 ServerApp] 404 GET /api/kernels/4074272f-68bf-427a-8ac9-b60682c1c2d6/channels?session_id=97ed3517-9ec9-494a-bce3-8b865721722c (8badea1fd6444391b68819cfcabcbc54@::1) 10.07ms referer=None
[W 2026-09-21 02:56:51.076 ServerApp] 404 GET /api/kernels/4074272f-68bf-427a-8ac9-b60682c1c2d6?1789948610986 (::1): Kernel does not exist: 4074272f-68bf-427a-8ac9-b60682c1c2d6
[W 2026-09-21 02:56:51.077 ServerApp] wrote error: 'Kernel does not exist: 4074272f-68bf-427a-8ac9-b60682c1c2d6'
    Traceback (most recent call last):
      File "/home/baris/anaconda3/lib/python3.13/site-packages/tornado/web.py", line 1848, in _execute
        result = await result
                 ^^^^^^^^^^^^
      File "/home/baris/anaconda3/lib/python3.13/site-packages/jupyter_server/auth/decorator.py", line 73, in inner
        return await out
               ^^^^^^^^^
      File "/home/baris/anaconda3/lib/python3.13/site-packages/jupyter_server/services/kernels/handlers.py", line 75, in get
        model = await ensure_async(km.kernel_model(kernel_id))
                                   ~~~~~~~~~~~~~~~^^^^^^^^^^^
      File "/home/baris/anaconda3/lib/python3.13/site-packages/jupyter_server/services/kernels/kernelmanager.py", line 508, in kernel_model
        self._check_kernel_id(kernel_id)
        ~~~~~~~~~~~~~~~~~~~~~^^^^^^^^^^^
      File "/home/baris/anaconda3/lib/python3.13/site-packages/jupyter_server/services/kernels/kernelmanager.py", line 539, in _check_kernel_id
        raise web.HTTPError(404, "Kernel does not exist: %s" % kernel_id)
    tornado.web.HTTPError: HTTP 404: Not Found (Kernel does not exist: 4074272f-68bf-427a-8ac9-b60682c1c2d6)
[W 2026-09-21 02:56:51.077 ServerApp] 404 GET /api/kernels/4074272f-68bf-427a-8ac9-b60682c1c2d6?1789948610986 (8badea1fd6444391b68819cfcabcbc54@::1) 0.95ms referer=http://localhost:8888/notebooks/train.ipynb
[W 2026-09-21 02:56:53.140 ServerApp] 404 GET /api/kernels/4074272f-68bf-427a-8ac9-b60682c1c2d6/channels?session_id=97ed3517-9ec9-494a-bce3-8b865721722c (::1): Kernel does not exist: 4074272f-68bf-427a-8ac9-b60682c1c2d6
[W 2026-09-21 02:56:53.141 ServerApp] 404 GET /api/kernels/4074272f-68bf-427a-8ac9-b60682c1c2d6/channels?session_id=97ed3517-9ec9-494a-bce3-8b865721722c (8badea1fd6444391b68819cfcabcbc54@::1) 0.68ms referer=None
[W 2026-09-21 02:56:53.267 ServerApp] 404 GET /api/kernels/4074272f-68bf-427a-8ac9-b60682c1c2d6?1789948613178 (::1): Kernel does not exist: 4074272f-68bf-427a-8ac9-b60682c1c2d6
[W 2026-09-21 02:56:53.267 ServerApp] wrote error: 'Kernel does not exist: 4074272f-68bf-427a-8ac9-b60682c1c2d6'
    Traceback (most recent call last):
      File "/home/baris/anaconda3/lib/python3.13/site-packages/tornado/web.py", line 1848, in _execute
        result = await result
                 ^^^^^^^^^^^^
      File "/home/baris/anaconda3/lib/python3.13/site-packages/jupyter_server/auth/decorator.py", line 73, in inner
        return await out
               ^^^^^^^^^
      File "/home/baris/anaconda3/lib/python3.13/site-packages/jupyter_server/services/kernels/handlers.py", line 75, in get
        model = await ensure_async(km.kernel_model(kernel_id))
                                   ~~~~~~~~~~~~~~~^^^^^^^^^^^
      File "/home/baris/anaconda3/lib/python3.13/site-packages/jupyter_server/services/kernels/kernelmanager.py", line 508, in kernel_model
        self._check_kernel_id(kernel_id)
        ~~~~~~~~~~~~~~~~~~~~~^^^^^^^^^^^
      File "/home/baris/anaconda3/lib/python3.13/site-packages/jupyter_server/services/kernels/kernelmanager.py", line 539, in _check_kernel_id
        raise web.HTTPError(404, "Kernel does not exist: %s" % kernel_id)
    tornado.web.HTTPError: HTTP 404: Not Found (Kernel does not exist: 4074272f-68bf-427a-8ac9-b60682c1c2d6)
[W 2026-09-21 02:56:53.268 ServerApp] 404 GET /api/kernels/4074272f-68bf-427a-8ac9-b60682c1c2d6?1789948613178 (8badea1fd6444391b68819cfcabcbc54@::1) 0.93ms referer=http://localhost:8888/notebooks/train.ipynb
[W 2026-09-21 02:56:55.976 ServerApp] 404 GET /api/kernels/4074272f-68bf-427a-8ac9-b60682c1c2d6/channels?session_id=97ed3517-9ec9-494a-bce3-8b865721722c (::1): Kernel does not exist: 4074272f-68bf-427a-8ac9-b60682c1c2d6
[W 2026-09-21 02:56:55.976 ServerApp] 404 GET /api/kernels/4074272f-68bf-427a-8ac9-b60682c1c2d6/channels?session_id=97ed3517-9ec9-494a-bce3-8b865721722c (8badea1fd6444391b68819cfcabcbc54@::1) 0.66ms referer=None
[W 2026-09-21 02:56:56.103 ServerApp] 404 GET /api/kernels/4074272f-68bf-427a-8ac9-b60682c1c2d6?1789948616014 (::1): Kernel does not exist: 4074272f-68bf-427a-8ac9-b60682c1c2d6
[W 2026-09-21 02:56:56.103 ServerApp] wrote error: 'Kernel does not exist: 4074272f-68bf-427a-8ac9-b60682c1c2d6'
    Traceback (most recent call last):
      File "/home/baris/anaconda3/lib/python3.13/site-packages/tornado/web.py", line 1848, in _execute
        result = await result
                 ^^^^^^^^^^^^
      File "/home/baris/anaconda3/lib/python3.13/site-packages/jupyter_server/auth/decorator.py", line 73, in inner
        return await out
               ^^^^^^^^^
      File "/home/baris/anaconda3/lib/python3.13/site-packages/jupyter_server/services/kernels/handlers.py", line 75, in get
        model = await ensure_async(km.kernel_model(kernel_id))
                                   ~~~~~~~~~~~~~~~^^^^^^^^^^^
      File "/home/baris/anaconda3/lib/python3.13/site-packages/jupyter_server/services/kernels/kernelmanager.py", line 508, in kernel_model
        self._check_kernel_id(kernel_id)
        ~~~~~~~~~~~~~~~~~~~~~^^^^^^^^^^^
      File "/home/baris/anaconda3/lib/python3.13/site-packages/jupyter_server/services/kernels/kernelmanager.py", line 539, in _check_kernel_id
        raise web.HTTPError(404, "Kernel does not exist: %s" % kernel_id)
    tornado.web.HTTPError: HTTP 404: Not Found (Kernel does not exist: 4074272f-68bf-427a-8ac9-b60682c1c2d6)
[W 2026-09-21 02:56:56.104 ServerApp] 404 GET /api/kernels/4074272f-68bf-427a-8ac9-b60682c1c2d6?1789948616014 (8badea1fd6444391b68819cfcabcbc54@::1) 1.45ms referer=http://localhost:8888/notebooks/train.ipynb
[W 2026-09-21 02:57:02.026 ServerApp] 404 GET /api/kernels/4074272f-68bf-427a-8ac9-b60682c1c2d6/channels?session_id=97ed3517-9ec9-494a-bce3-8b865721722c (::1): Kernel does not exist: 4074272f-68bf-427a-8ac9-b60682c1c2d6
[W 2026-09-21 02:57:02.027 ServerApp] 404 GET /api/kernels/4074272f-68bf-427a-8ac9-b60682c1c2d6/channels?session_id=97ed3517-9ec9-494a-bce3-8b865721722c (8badea1fd6444391b68819cfcabcbc54@::1) 0.66ms referer=None
[W 2026-09-21 02:57:02.156 ServerApp] 404 GET /api/kernels/4074272f-68bf-427a-8ac9-b60682c1c2d6?1789948622064 (::1): Kernel does not exist: 4074272f-68bf-427a-8ac9-b60682c1c2d6
[W 2026-09-21 02:57:02.156 ServerApp] wrote error: 'Kernel does not exist: 4074272f-68bf-427a-8ac9-b60682c1c2d6'
    Traceback (most recent call last):
      File "/home/baris/anaconda3/lib/python3.13/site-packages/tornado/web.py", line 1848, in _execute
        result = await result
                 ^^^^^^^^^^^^
      File "/home/baris/anaconda3/lib/python3.13/site-packages/jupyter_server/auth/decorator.py", line 73, in inner
        return await out
               ^^^^^^^^^
      File "/home/baris/anaconda3/lib/python3.13/site-packages/jupyter_server/services/kernels/handlers.py", line 75, in get
        model = await ensure_async(km.kernel_model(kernel_id))
                                   ~~~~~~~~~~~~~~~^^^^^^^^^^^
      File "/home/baris/anaconda3/lib/python3.13/site-packages/jupyter_server/services/kernels/kernelmanager.py", line 508, in kernel_model
        self._check_kernel_id(kernel_id)
        ~~~~~~~~~~~~~~~~~~~~~^^^^^^^^^^^
      File "/home/baris/anaconda3/lib/python3.13/site-packages/jupyter_server/services/kernels/kernelmanager.py", line 539, in _check_kernel_id
        raise web.HTTPError(404, "Kernel does not exist: %s" % kernel_id)
    tornado.web.HTTPError: HTTP 404: Not Found (Kernel does not exist: 4074272f-68bf-427a-8ac9-b60682c1c2d6)
[W 2026-09-21 02:57:02.156 ServerApp] 404 GET /api/kernels/4074272f-68bf-427a-8ac9-b60682c1c2d6?1789948622064 (8badea1fd6444391b68819cfcabcbc54@::1) 0.91ms referer=http://localhost:8888/notebooks/train.ipynb
[W 2026-09-21 02:57:05.029 ServerApp] 404 GET /api/kernels/4074272f-68bf-427a-8ac9-b60682c1c2d6/channels?session_id=97ed3517-9ec9-494a-bce3-8b865721722c (::1): Kernel does not exist: 4074272f-68bf-427a-8ac9-b60682c1c2d6
[W 2026-09-21 02:57:05.029 ServerApp] 404 GET /api/kernels/4074272f-68bf-427a-8ac9-b60682c1c2d6/channels?session_id=97ed3517-9ec9-494a-bce3-8b865721722c (8badea1fd6444391b68819cfcabcbc54@::1) 0.67ms referer=None
[W 2026-09-21 02:57:05.157 ServerApp] 404 GET /api/kernels/4074272f-68bf-427a-8ac9-b60682c1c2d6?1789948625066 (::1): Kernel does not exist: 4074272f-68bf-427a-8ac9-b60682c1c2d6
[W 2026-09-21 02:57:05.157 ServerApp] wrote error: 'Kernel does not exist: 4074272f-68bf-427a-8ac9-b60682c1c2d6'
    Traceback (most recent call last):
      File "/home/baris/anaconda3/lib/python3.13/site-packages/tornado/web.py", line 1848, in _execute
        result = await result
                 ^^^^^^^^^^^^
      File "/home/baris/anaconda3/lib/python3.13/site-packages/jupyter_server/auth/decorator.py", line 73, in inner
        return await out
               ^^^^^^^^^
      File "/home/baris/anaconda3/lib/python3.13/site-packages/jupyter_server/services/kernels/handlers.py", line 75, in get
        model = await ensure_async(km.kernel_model(kernel_id))
                                   ~~~~~~~~~~~~~~~^^^^^^^^^^^
      File "/home/baris/anaconda3/lib/python3.13/site-packages/jupyter_server/services/kernels/kernelmanager.py", line 508, in kernel_model
        self._check_kernel_id(kernel_id)
        ~~~~~~~~~~~~~~~~~~~~~^^^^^^^^^^^
      File "/home/baris/anaconda3/lib/python3.13/site-packages/jupyter_server/services/kernels/kernelmanager.py", line 539, in _check_kernel_id
        raise web.HTTPError(404, "Kernel does not exist: %s" % kernel_id)
    tornado.web.HTTPError: HTTP 404: Not Found (Kernel does not exist: 4074272f-68bf-427a-8ac9-b60682c1c2d6)
[W 2026-09-21 02:57:05.158 ServerApp] 404 GET /api/kernels/4074272f-68bf-427a-8ac9-b60682c1c2d6?1789948625066 (8badea1fd6444391b68819cfcabcbc54@::1) 1.42ms referer=http://localhost:8888/notebooks/train.ipynb
[I 2026-09-21 02:57:52.943 ServerApp] Kernel started: 105c74a7-590c-48f5-9b0a-93bffbdc583c
[I 2026-09-21 02:57:53.236 ServerApp] Connecting to kernel 105c74a7-590c-48f5-9b0a-93bffbdc583c.
[W 2026-09-21 02:57:53.237 ServerApp] The websocket_ping_timeout (90000) cannot be longer than the websocket_ping_interval (30000).
    Setting websocket_ping_timeout=30000
[I 2026-09-21 02:57:57.310 ServerApp] Connecting to kernel 105c74a7-590c-48f5-9b0a-93bffbdc583c.
[I 2026-09-21 02:57:59.168 ServerApp] Saving file at /train.ipynb
[W 2026-09-21 02:57:59.222 ServerApp] /home/baris/database_transformer/.~train.ipynb doesn't exist
[I 2026-09-21 03:00:00.556 ServerApp] Saving file at /train.ipynb
[I 2026-09-21 03:14:54.402 ServerApp] Kernel restarted: 105c74a7-590c-48f5-9b0a-93bffbdc583c
[I 2026-09-21 03:14:54.497 ServerApp] Starting buffering for 105c74a7-590c-48f5-9b0a-93bffbdc583c:11b3349c-ee0e-444c-8b2e-b82747a97220
[I 2026-09-21 03:14:54.622 ServerApp] Connecting to kernel 105c74a7-590c-48f5-9b0a-93bffbdc583c.
[I 2026-09-21 03:14:54.622 ServerApp] Restoring connection for 105c74a7-590c-48f5-9b0a-93bffbdc583c:11b3349c-ee0e-444c-8b2e-b82747a97220
[I 2026-09-21 03:16:05.022 ServerApp] Saving file at /train.ipynb
[I 2026-09-21 03:18:43.825 ServerApp] Kernel restarted: 105c74a7-590c-48f5-9b0a-93bffbdc583c
[I 2026-09-21 03:18:43.901 ServerApp] Starting buffering for 105c74a7-590c-48f5-9b0a-93bffbdc583c:11b3349c-ee0e-444c-8b2e-b82747a97220
[I 2026-09-21 03:18:44.061 ServerApp] Connecting to kernel 105c74a7-590c-48f5-9b0a-93bffbdc583c.
[I 2026-09-21 03:18:44.061 ServerApp] Restoring connection for 105c74a7-590c-48f5-9b0a-93bffbdc583c:11b3349c-ee0e-444c-8b2e-b82747a97220
[I 2026-09-21 03:20:06.906 ServerApp] Saving file at /train.ipynb
[I 2026-09-21 03:22:08.049 ServerApp] Saving file at /train.ipynb
[I 2026-09-21 03:30:31.690 ServerApp] Kernel restarted: 105c74a7-590c-48f5-9b0a-93bffbdc583c
[I 2026-09-21 03:30:31.820 ServerApp] Starting buffering for 105c74a7-590c-48f5-9b0a-93bffbdc583c:11b3349c-ee0e-444c-8b2e-b82747a97220
[I 2026-09-21 03:30:31.927 ServerApp] Connecting to kernel 105c74a7-590c-48f5-9b0a-93bffbdc583c.
[I 2026-09-21 03:30:31.927 ServerApp] Restoring connection for 105c74a7-590c-48f5-9b0a-93bffbdc583c:11b3349c-ee0e-444c-8b2e-b82747a97220
[I 2026-09-21 03:31:22.054 ServerApp] Kernel restarted: 105c74a7-590c-48f5-9b0a-93bffbdc583c
[I 2026-09-21 03:31:22.128 ServerApp] Starting buffering for 105c74a7-590c-48f5-9b0a-93bffbdc583c:11b3349c-ee0e-444c-8b2e-b82747a97220
[I 2026-09-21 03:31:22.287 ServerApp] Connecting to kernel 105c74a7-590c-48f5-9b0a-93bffbdc583c.
[I 2026-09-21 03:31:22.288 ServerApp] Restoring connection for 105c74a7-590c-48f5-9b0a-93bffbdc583c:11b3349c-ee0e-444c-8b2e-b82747a97220
[I 2026-09-21 03:31:22.296 ServerApp] Replaying 1 buffered messages
[I 2026-09-21 03:32:11.954 ServerApp] Saving file at /train.ipynb
[I 2026-09-21 03:33:49.125 ServerApp] Kernel interrupted: 105c74a7-590c-48f5-9b0a-93bffbdc583c
[I 2026-09-21 03:34:12.701 ServerApp] Saving file at /train.ipynb
[I 2026-09-21 03:34:36.832 ServerApp] Kernel interrupted: 105c74a7-590c-48f5-9b0a-93bffbdc583c
[I 2026-09-21 03:36:13.989 ServerApp] Saving file at /train.ipynb
[I 2026-09-21 03:41:47.433 ServerApp] Kernel restarted: 105c74a7-590c-48f5-9b0a-93bffbdc583c
[I 2026-09-21 03:41:47.563 ServerApp] Starting buffering for 105c74a7-590c-48f5-9b0a-93bffbdc583c:11b3349c-ee0e-444c-8b2e-b82747a97220
[I 2026-09-21 03:41:47.671 ServerApp] Connecting to kernel 105c74a7-590c-48f5-9b0a-93bffbdc583c.
[I 2026-09-21 03:41:47.671 ServerApp] Restoring connection for 105c74a7-590c-48f5-9b0a-93bffbdc583c:11b3349c-ee0e-444c-8b2e-b82747a97220
[IPKernelApp] ERROR | Exception in message handler:
Traceback (most recent call last):
  File "/home/baris/anaconda3/envs/py311/lib/python3.11/site-packages/ipykernel/kernelbase.py", line 471, in dispatch_shell
    await result
  File "/home/baris/anaconda3/envs/py311/lib/python3.11/site-packages/ipykernel/ipkernel.py", line 366, in execute_request
    await super().execute_request(stream, ident, parent)
  File "/home/baris/anaconda3/envs/py311/lib/python3.11/site-packages/ipykernel/kernelbase.py", line 850, in execute_request
    reply_msg: dict[str, t.Any] = self.session.send(  # type:ignore[assignment]
                                  ^^^^^^^^^^^^^^^^^^^^^^^^^^^^^^^^^^^^^^^^^^^^^
  File "/home/baris/anaconda3/envs/py311/lib/python3.11/site-packages/jupyter_client/session.py", line 863, in send
    stream.send_multipart(to_send, copy=copy)
  File "/home/baris/anaconda3/envs/py311/lib/python3.11/site-packages/zmq/sugar/socket.py", line 749, in send_multipart
    self.send(msg, zmq.SNDMORE | flags, copy=copy, track=track)
  File "/home/baris/anaconda3/envs/py311/lib/python3.11/site-packages/zmq/sugar/socket.py", line 698, in send
    return super().send(data, flags=flags, copy=copy, track=track)
           ^^^^^^^^^^^^^^^^^^^^^^^^^^^^^^^^^^^^^^^^^^^^^^^^^^^^^^^
  File "zmq/backend/cython/_zmq.py", line 1152, in zmq.backend.cython._zmq.Socket.send
  File "zmq/backend/cython/_zmq.py", line 1194, in zmq.backend.cython._zmq.Socket.send
  File "zmq/backend/cython/_zmq.py", line 1339, in zmq.backend.cython._zmq._check_closed
zmq.error.ZMQError: Socket operation on non-socket
WARNING:tornado.general:Got events for closed stream <zmq.eventloop.zmqstream.ZMQStream object at 0x7f4c34b25bd0>
[IPKernelApp] ERROR | Exception in message handler:
Traceback (most recent call last):
  File "/home/baris/anaconda3/envs/py311/lib/python3.11/site-packages/ipykernel/kernelbase.py", line 471, in dispatch_shell
    await result
  File "/home/baris/anaconda3/envs/py311/lib/python3.11/site-packages/ipykernel/ipkernel.py", line 366, in execute_request
    await super().execute_request(stream, ident, parent)
  File "/home/baris/anaconda3/envs/py311/lib/python3.11/site-packages/ipykernel/kernelbase.py", line 850, in execute_request
    reply_msg: dict[str, t.Any] = self.session.send(  # type:ignore[assignment]
                                  ^^^^^^^^^^^^^^^^^^^^^^^^^^^^^^^^^^^^^^^^^^^^^
  File "/home/baris/anaconda3/envs/py311/lib/python3.11/site-packages/jupyter_client/session.py", line 863, in send
    stream.send_multipart(to_send, copy=copy)
  File "/home/baris/anaconda3/envs/py311/lib/python3.11/site-packages/zmq/sugar/socket.py", line 749, in send_multipart
    self.send(msg, zmq.SNDMORE | flags, copy=copy, track=track)
  File "/home/baris/anaconda3/envs/py311/lib/python3.11/site-packages/zmq/sugar/socket.py", line 698, in send
    return super().send(data, flags=flags, copy=copy, track=track)
           ^^^^^^^^^^^^^^^^^^^^^^^^^^^^^^^^^^^^^^^^^^^^^^^^^^^^^^^
  File "zmq/backend/cython/_zmq.py", line 1152, in zmq.backend.cython._zmq.Socket.send
  File "zmq/backend/cython/_zmq.py", line 1194, in zmq.backend.cython._zmq.Socket.send
  File "zmq/backend/cython/_zmq.py", line 1339, in zmq.backend.cython._zmq._check_closed
zmq.error.ZMQError: Socket operation on non-socket
[I 2026-09-21 03:42:06.084 ServerApp] Kernel restarted: 105c74a7-590c-48f5-9b0a-93bffbdc583c
[I 2026-09-21 03:42:06.171 ServerApp] Starting buffering for 105c74a7-590c-48f5-9b0a-93bffbdc583c:11b3349c-ee0e-444c-8b2e-b82747a97220
[I 2026-09-21 03:42:06.331 ServerApp] Connecting to kernel 105c74a7-590c-48f5-9b0a-93bffbdc583c.
[I 2026-09-21 03:42:06.331 ServerApp] Restoring connection for 105c74a7-590c-48f5-9b0a-93bffbdc583c:11b3349c-ee0e-444c-8b2e-b82747a97220
[I 2026-09-21 03:42:15.610 ServerApp] Saving file at /train.ipynb
[I 2026-09-21 03:44:16.436 ServerApp] Saving file at /train.ipynb
[I 2026-09-21 03:44:29.051 ServerApp] Kernel restarted: 105c74a7-590c-48f5-9b0a-93bffbdc583c
[I 2026-09-21 03:44:29.132 ServerApp] Starting buffering for 105c74a7-590c-48f5-9b0a-93bffbdc583c:11b3349c-ee0e-444c-8b2e-b82747a97220
[I 2026-09-21 03:44:29.208 ServerApp] Connecting to kernel 105c74a7-590c-48f5-9b0a-93bffbdc583c.
[I 2026-09-21 03:44:29.208 ServerApp] Restoring connection for 105c74a7-590c-48f5-9b0a-93bffbdc583c:11b3349c-ee0e-444c-8b2e-b82747a97220
[I 2026-09-21 03:46:14.884 ServerApp] Kernel restarted: 105c74a7-590c-48f5-9b0a-93bffbdc583c
[I 2026-09-21 03:46:15.013 ServerApp] Starting buffering for 105c74a7-590c-48f5-9b0a-93bffbdc583c:11b3349c-ee0e-444c-8b2e-b82747a97220
[I 2026-09-21 03:46:15.120 ServerApp] Connecting to kernel 105c74a7-590c-48f5-9b0a-93bffbdc583c.
[I 2026-09-21 03:46:15.120 ServerApp] Restoring connection for 105c74a7-590c-48f5-9b0a-93bffbdc583c:11b3349c-ee0e-444c-8b2e-b82747a97220
[I 2026-09-21 03:46:17.401 ServerApp] Saving file at /train.ipynb
[I 2026-09-21 03:48:18.324 ServerApp] Saving file at /train.ipynb
[I 2026-09-21 03:49:23.547 ServerApp] Kernel restarted: 105c74a7-590c-48f5-9b0a-93bffbdc583c
[I 2026-09-21 03:49:23.682 ServerApp] Starting buffering for 105c74a7-590c-48f5-9b0a-93bffbdc583c:11b3349c-ee0e-444c-8b2e-b82747a97220
[I 2026-09-21 03:49:23.790 ServerApp] Connecting to kernel 105c74a7-590c-48f5-9b0a-93bffbdc583c.
[I 2026-09-21 03:49:23.790 ServerApp] Restoring connection for 105c74a7-590c-48f5-9b0a-93bffbdc583c:11b3349c-ee0e-444c-8b2e-b82747a97220
[I 2026-09-21 03:50:19.205 ServerApp] Saving file at /train.ipynb
[I 2026-09-21 03:51:38.312 ServerApp] Kernel restarted: 105c74a7-590c-48f5-9b0a-93bffbdc583c
[I 2026-09-21 03:51:38.386 ServerApp] Starting buffering for 105c74a7-590c-48f5-9b0a-93bffbdc583c:11b3349c-ee0e-444c-8b2e-b82747a97220
[I 2026-09-21 03:51:38.545 ServerApp] Connecting to kernel 105c74a7-590c-48f5-9b0a-93bffbdc583c.
[I 2026-09-21 03:51:38.545 ServerApp] Restoring connection for 105c74a7-590c-48f5-9b0a-93bffbdc583c:11b3349c-ee0e-444c-8b2e-b82747a97220
[C 2026-09-21 03:52:03.163 ServerApp] received signal 15, stopping
[I 2026-09-21 03:52:03.164 ServerApp] Shutting down 6 extensions
[I 2026-09-21 03:52:03.164 ServerApp] Shutting down 1 kernel
[I 2026-09-21 03:52:03.165 ServerApp] Kernel shutdown: 105c74a7-590c-48f5-9b0a-93bffbdc583c
[I 2026-09-21 03:52:07.466 ServerApp] Extension package panel.io.jupyter_server_extension took 0.6094s to import
[I 2026-09-21 03:52:07.466 ServerApp] jupyter_lsp | extension was successfully linked.
[I 2026-09-21 03:52:07.468 ServerApp] jupyter_server_terminals | extension was successfully linked.
[I 2026-09-21 03:52:07.470 ServerApp] jupyterlab | extension was successfully linked.
[I 2026-09-21 03:52:07.471 ServerApp] notebook | extension was successfully linked.
[I 2026-09-21 03:52:07.851 ServerApp] notebook_shim | extension was successfully linked.
[I 2026-09-21 03:52:07.851 ServerApp] panel.io.jupyter_server_extension | extension was successfully linked.
[I 2026-09-21 03:52:07.863 ServerApp] notebook_shim | extension was successfully loaded.
[I 2026-09-21 03:52:07.864 ServerApp] jupyter_lsp | extension was successfully loaded.
[I 2026-09-21 03:52:07.864 ServerApp] jupyter_server_terminals | extension was successfully loaded.
[I 2026-09-21 03:52:07.866 LabApp] JupyterLab extension loaded from /home/baris/anaconda3/lib/python3.13/site-packages/jupyterlab
[I 2026-09-21 03:52:07.866 LabApp] JupyterLab application directory is /home/baris/anaconda3/share/jupyter/lab
[I 2026-09-21 03:52:07.866 LabApp] Extension Manager is 'pypi'.
[I 2026-09-21 03:52:07.900 ServerApp] jupyterlab | extension was successfully loaded.
[I 2026-09-21 03:52:07.901 ServerApp] notebook | extension was successfully loaded.
[I 2026-09-21 03:52:07.902 ServerApp] panel.io.jupyter_server_extension | extension was successfully loaded.
[I 2026-09-21 03:52:07.903 ServerApp] Serving notebooks from local directory: /home/baris/database_transformer
[I 2026-09-21 03:52:07.903 ServerApp] Jupyter Server 2.15.0 is running at:
[I 2026-09-21 03:52:07.903 ServerApp] http://localhost:8888/tree
[I 2026-09-21 03:52:07.903 ServerApp]     http://127.0.0.1:8888/tree
[I 2026-09-21 03:52:07.903 ServerApp] Use Control-C to stop this server and shut down all kernels (twice to skip confirmation).
[W 2026-09-21 03:52:07.906 ServerApp] No web browser found: Error('could not locate runnable browser').
[I 2026-09-21 03:52:07.979 ServerApp] Skipped non-installed server(s): bash-language-server, dockerfile-language-server-nodejs, javascript-typescript-langserver, jedi-language-server, julia-language-server, pyright, python-language-server, r-languageserver, sql-language-server, texlab, typescript-language-server, unified-language-server, vscode-css-languageserver-bin, vscode-html-languageserver-bin, vscode-json-languageserver-bin, yaml-language-server
[E 2026-09-21 03:52:09.505 ServerApp] Exception restarting kernel
    Traceback (most recent call last):
      File "/home/baris/anaconda3/lib/python3.13/site-packages/jupyter_server/services/kernels/handlers.py", line 101, in post
        await km.restart_kernel(kernel_id)
      File "/home/baris/anaconda3/lib/python3.13/site-packages/jupyter_server/services/kernels/kernelmanager.py", line 446, in _async_restart_kernel
        self._check_kernel_id(kernel_id)
        ~~~~~~~~~~~~~~~~~~~~~^^^^^^^^^^^
      File "/home/baris/anaconda3/lib/python3.13/site-packages/jupyter_server/services/kernels/kernelmanager.py", line 539, in _check_kernel_id
        raise web.HTTPError(404, "Kernel does not exist: %s" % kernel_id)
    tornado.web.HTTPError: HTTP 404: Not Found (Kernel does not exist: 105c74a7-590c-48f5-9b0a-93bffbdc583c)
[E 2026-09-21 03:52:09.508 ServerApp] {
      "Host": "localhost:8888",
      "Accept": "*/*",
      "Referer": "http://localhost:8888/notebooks/train.ipynb",
      "User-Agent": "Mozilla/5.0 (X11; Ubuntu; Linux x86_64; rv:155.0) Gecko/20100101 Firefox/155.0"
    }
[E 2026-09-21 03:52:09.508 ServerApp] 500 POST /api/kernels/105c74a7-590c-48f5-9b0a-93bffbdc583c/restart?1789951929463 (8badea1fd6444391b68819cfcabcbc54@::1) 3.14ms referer=http://localhost:8888/notebooks/train.ipynb
[E 2026-09-21 03:52:17.979 ServerApp] Exception restarting kernel
    Traceback (most recent call last):
      File "/home/baris/anaconda3/lib/python3.13/site-packages/jupyter_server/services/kernels/handlers.py", line 101, in post
        await km.restart_kernel(kernel_id)
      File "/home/baris/anaconda3/lib/python3.13/site-packages/jupyter_server/services/kernels/kernelmanager.py", line 446, in _async_restart_kernel
        self._check_kernel_id(kernel_id)
        ~~~~~~~~~~~~~~~~~~~~~^^^^^^^^^^^
      File "/home/baris/anaconda3/lib/python3.13/site-packages/jupyter_server/services/kernels/kernelmanager.py", line 539, in _check_kernel_id
        raise web.HTTPError(404, "Kernel does not exist: %s" % kernel_id)
    tornado.web.HTTPError: HTTP 404: Not Found (Kernel does not exist: 105c74a7-590c-48f5-9b0a-93bffbdc583c)
[E 2026-09-21 03:52:17.979 ServerApp] {
      "Host": "localhost:8888",
      "Accept": "*/*",
      "Referer": "http://localhost:8888/notebooks/train.ipynb",
      "User-Agent": "Mozilla/5.0 (X11; Ubuntu; Linux x86_64; rv:155.0) Gecko/20100101 Firefox/155.0"
    }
[E 2026-09-21 03:52:17.979 ServerApp] 500 POST /api/kernels/105c74a7-590c-48f5-9b0a-93bffbdc583c/restart?1789951937932 (8badea1fd6444391b68819cfcabcbc54@::1) 0.81ms referer=http://localhost:8888/notebooks/train.ipynb
[I 2026-09-21 03:52:19.938 ServerApp] Saving file at /train.ipynb
[I 2026-09-21 03:52:20.167 ServerApp] Kernel started: 72f60de9-1671-47e9-b9d9-4e770f2fc3a6
[I 2026-09-21 03:52:20.482 ServerApp] Connecting to kernel 72f60de9-1671-47e9-b9d9-4e770f2fc3a6.
[W 2026-09-21 03:52:20.482 ServerApp] The websocket_ping_timeout (90000) cannot be longer than the websocket_ping_interval (30000).
    Setting websocket_ping_timeout=30000
[I 2026-09-21 03:54:21.879 ServerApp] Saving file at /train.ipynb
[I 2026-09-21 03:54:40.942 ServerApp] Kernel restarted: 72f60de9-1671-47e9-b9d9-4e770f2fc3a6
[I 2026-09-21 03:54:41.017 ServerApp] Starting buffering for 72f60de9-1671-47e9-b9d9-4e770f2fc3a6:c05d1516-1a41-48b6-ab7a-03dfc3419413
[I 2026-09-21 03:54:41.177 ServerApp] Connecting to kernel 72f60de9-1671-47e9-b9d9-4e770f2fc3a6.
[I 2026-09-21 03:54:41.177 ServerApp] Restoring connection for 72f60de9-1671-47e9-b9d9-4e770f2fc3a6:c05d1516-1a41-48b6-ab7a-03dfc3419413
[I 2026-09-21 03:54:41.192 ServerApp] Replaying 3 buffered messages
[I 2026-09-21 03:56:22.659 ServerApp] Saving file at /train.ipynb
TensorBoard caught SIGTERM; exiting...
TensorFlow installation not found - running with reduced feature set.

NOTE: Using experimental fast data loading logic. To disable, pass
    "--load_fast=false" and report issues on GitHub. More details:
    https://github.com/tensorflow/tensorboard/issues/4784

Serving TensorBoard on localhost; to expose to the network, use a proxy or pass --bind_all
TensorBoard 2.20.0 at http://localhost:8889/ (Press CTRL+C to quit)
[I 2026-09-21 03:59:02.319 ServerApp] Kernel restarted: 72f60de9-1671-47e9-b9d9-4e770f2fc3a6
[I 2026-09-21 03:59:02.395 ServerApp] Starting buffering for 72f60de9-1671-47e9-b9d9-4e770f2fc3a6:c05d1516-1a41-48b6-ab7a-03dfc3419413
[I 2026-09-21 03:59:02.555 ServerApp] Connecting to kernel 72f60de9-1671-47e9-b9d9-4e770f2fc3a6.
[I 2026-09-21 03:59:02.555 ServerApp] Restoring connection for 72f60de9-1671-47e9-b9d9-4e770f2fc3a6:c05d1516-1a41-48b6-ab7a-03dfc3419413
[I 2026-09-21 04:00:23.679 ServerApp] Saving file at /train.ipynb
[I 2026-09-21 04:01:17.350 ServerApp] Kernel restarted: 72f60de9-1671-47e9-b9d9-4e770f2fc3a6
[I 2026-09-21 04:01:17.425 ServerApp] Starting buffering for 72f60de9-1671-47e9-b9d9-4e770f2fc3a6:c05d1516-1a41-48b6-ab7a-03dfc3419413
[I 2026-09-21 04:01:17.584 ServerApp] Connecting to kernel 72f60de9-1671-47e9-b9d9-4e770f2fc3a6.
[I 2026-09-21 04:01:17.584 ServerApp] Restoring connection for 72f60de9-1671-47e9-b9d9-4e770f2fc3a6:c05d1516-1a41-48b6-ab7a-03dfc3419413
[I 2026-09-21 04:01:25.203 ServerApp] Kernel restarted: 72f60de9-1671-47e9-b9d9-4e770f2fc3a6
[I 2026-09-21 04:01:25.276 ServerApp] Starting buffering for 72f60de9-1671-47e9-b9d9-4e770f2fc3a6:c05d1516-1a41-48b6-ab7a-03dfc3419413
[I 2026-09-21 04:01:25.435 ServerApp] Connecting to kernel 72f60de9-1671-47e9-b9d9-4e770f2fc3a6.
[I 2026-09-21 04:01:25.435 ServerApp] Restoring connection for 72f60de9-1671-47e9-b9d9-4e770f2fc3a6:c05d1516-1a41-48b6-ab7a-03dfc3419413
[I 2026-09-21 04:01:25.438 ServerApp] Replaying 1 buffered messages
[C 2026-09-21 04:01:40.812 ServerApp] received signal 15, stopping
[I 2026-09-21 04:01:40.812 ServerApp] Shutting down 6 extensions
[I 2026-09-21 04:01:40.813 ServerApp] Shutting down 1 kernel
[I 2026-09-21 04:01:40.813 ServerApp] Kernel shutdown: 72f60de9-1671-47e9-b9d9-4e770f2fc3a6
[IPKernelApp] ERROR | Exception in message handler:
Traceback (most recent call last):
  File "/home/baris/anaconda3/envs/py311/lib/python3.11/site-packages/ipykernel/kernelbase.py", line 471, in dispatch_shell
    await result
  File "/home/baris/anaconda3/envs/py311/lib/python3.11/site-packages/ipykernel/ipkernel.py", line 366, in execute_request
    await super().execute_request(stream, ident, parent)
  File "/home/baris/anaconda3/envs/py311/lib/python3.11/site-packages/ipykernel/kernelbase.py", line 850, in execute_request
    reply_msg: dict[str, t.Any] = self.session.send(  # type:ignore[assignment]
                                  ^^^^^^^^^^^^^^^^^^^^^^^^^^^^^^^^^^^^^^^^^^^^^
  File "/home/baris/anaconda3/envs/py311/lib/python3.11/site-packages/jupyter_client/session.py", line 863, in send
    stream.send_multipart(to_send, copy=copy)
  File "/home/baris/anaconda3/envs/py311/lib/python3.11/site-packages/zmq/sugar/socket.py", line 749, in send_multipart
    self.send(msg, zmq.SNDMORE | flags, copy=copy, track=track)
  File "/home/baris/anaconda3/envs/py311/lib/python3.11/site-packages/zmq/sugar/socket.py", line 698, in send
    return super().send(data, flags=flags, copy=copy, track=track)
           ^^^^^^^^^^^^^^^^^^^^^^^^^^^^^^^^^^^^^^^^^^^^^^^^^^^^^^^
  File "zmq/backend/cython/_zmq.py", line 1152, in zmq.backend.cython._zmq.Socket.send
  File "zmq/backend/cython/_zmq.py", line 1194, in zmq.backend.cython._zmq.Socket.send
  File "zmq/backend/cython/_zmq.py", line 1339, in zmq.backend.cython._zmq._check_closed
zmq.error.ZMQError: Socket operation on non-socket
WARNING:tornado.general:Got events for closed stream <zmq.eventloop.zmqstream.ZMQStream object at 0x7f31f4cc9250>
[IPKernelApp] ERROR | Exception in message handler:
Traceback (most recent call last):
  File "/home/baris/anaconda3/envs/py311/lib/python3.11/site-packages/ipykernel/kernelbase.py", line 471, in dispatch_shell
    await result
  File "/home/baris/anaconda3/envs/py311/lib/python3.11/site-packages/ipykernel/ipkernel.py", line 366, in execute_request
    await super().execute_request(stream, ident, parent)
  File "/home/baris/anaconda3/envs/py311/lib/python3.11/site-packages/ipykernel/kernelbase.py", line 850, in execute_request
    reply_msg: dict[str, t.Any] = self.session.send(  # type:ignore[assignment]
                                  ^^^^^^^^^^^^^^^^^^^^^^^^^^^^^^^^^^^^^^^^^^^^^
  File "/home/baris/anaconda3/envs/py311/lib/python3.11/site-packages/jupyter_client/session.py", line 863, in send
    stream.send_multipart(to_send, copy=copy)
  File "/home/baris/anaconda3/envs/py311/lib/python3.11/site-packages/zmq/sugar/socket.py", line 749, in send_multipart
    self.send(msg, zmq.SNDMORE | flags, copy=copy, track=track)
  File "/home/baris/anaconda3/envs/py311/lib/python3.11/site-packages/zmq/sugar/socket.py", line 698, in send
    return super().send(data, flags=flags, copy=copy, track=track)
           ^^^^^^^^^^^^^^^^^^^^^^^^^^^^^^^^^^^^^^^^^^^^^^^^^^^^^^^
  File "zmq/backend/cython/_zmq.py", line 1152, in zmq.backend.cython._zmq.Socket.send
  File "zmq/backend/cython/_zmq.py", line 1194, in zmq.backend.cython._zmq.Socket.send
  File "zmq/backend/cython/_zmq.py", line 1339, in zmq.backend.cython._zmq._check_closed
zmq.error.ZMQError: Socket operation on non-socket
[I 2026-09-21 04:01:44.414 ServerApp] Extension package panel.io.jupyter_server_extension took 0.5016s to import
[I 2026-09-21 04:01:44.414 ServerApp] jupyter_lsp | extension was successfully linked.
[I 2026-09-21 04:01:44.417 ServerApp] jupyter_server_terminals | extension was successfully linked.
[I 2026-09-21 04:01:44.419 ServerApp] jupyterlab | extension was successfully linked.
[I 2026-09-21 04:01:44.421 ServerApp] notebook | extension was successfully linked.
[I 2026-09-21 04:01:44.746 ServerApp] notebook_shim | extension was successfully linked.
[I 2026-09-21 04:01:44.746 ServerApp] panel.io.jupyter_server_extension | extension was successfully linked.
[I 2026-09-21 04:01:44.758 ServerApp] notebook_shim | extension was successfully loaded.
[I 2026-09-21 04:01:44.760 ServerApp] jupyter_lsp | extension was successfully loaded.
[I 2026-09-21 04:01:44.760 ServerApp] jupyter_server_terminals | extension was successfully loaded.
[I 2026-09-21 04:01:44.761 LabApp] JupyterLab extension loaded from /home/baris/anaconda3/lib/python3.13/site-packages/jupyterlab
[I 2026-09-21 04:01:44.761 LabApp] JupyterLab application directory is /home/baris/anaconda3/share/jupyter/lab
[I 2026-09-21 04:01:44.762 LabApp] Extension Manager is 'pypi'.
[I 2026-09-21 04:01:44.799 ServerApp] jupyterlab | extension was successfully loaded.
[I 2026-09-21 04:01:44.800 ServerApp] notebook | extension was successfully loaded.
[I 2026-09-21 04:01:44.801 ServerApp] panel.io.jupyter_server_extension | extension was successfully loaded.
[I 2026-09-21 04:01:44.801 ServerApp] Serving notebooks from local directory: /home/baris/database_transformer
[I 2026-09-21 04:01:44.801 ServerApp] Jupyter Server 2.15.0 is running at:
[I 2026-09-21 04:01:44.801 ServerApp] http://localhost:8888/tree
[I 2026-09-21 04:01:44.801 ServerApp]     http://127.0.0.1:8888/tree
[I 2026-09-21 04:01:44.801 ServerApp] Use Control-C to stop this server and shut down all kernels (twice to skip confirmation).
[W 2026-09-21 04:01:44.805 ServerApp] No web browser found: Error('could not locate runnable browser').
[I 2026-09-21 04:01:44.875 ServerApp] Skipped non-installed server(s): bash-language-server, dockerfile-language-server-nodejs, javascript-typescript-langserver, jedi-language-server, julia-language-server, pyright, python-language-server, r-languageserver, sql-language-server, texlab, typescript-language-server, unified-language-server, vscode-css-languageserver-bin, vscode-html-languageserver-bin, vscode-json-languageserver-bin, yaml-language-server
[W 2026-09-21 04:01:44.963 ServerApp] 404 GET /api/kernels/72f60de9-1671-47e9-b9d9-4e770f2fc3a6?1789952504052 (::1): Kernel does not exist: 72f60de9-1671-47e9-b9d9-4e770f2fc3a6
[W 2026-09-21 04:01:44.963 ServerApp] wrote error: 'Kernel does not exist: 72f60de9-1671-47e9-b9d9-4e770f2fc3a6'
    Traceback (most recent call last):
      File "/home/baris/anaconda3/lib/python3.13/site-packages/tornado/web.py", line 1848, in _execute
        result = await result
                 ^^^^^^^^^^^^
      File "/home/baris/anaconda3/lib/python3.13/site-packages/jupyter_server/auth/decorator.py", line 73, in inner
        return await out
               ^^^^^^^^^
      File "/home/baris/anaconda3/lib/python3.13/site-packages/jupyter_server/services/kernels/handlers.py", line 75, in get
        model = await ensure_async(km.kernel_model(kernel_id))
                                   ~~~~~~~~~~~~~~~^^^^^^^^^^^
      File "/home/baris/anaconda3/lib/python3.13/site-packages/jupyter_server/services/kernels/kernelmanager.py", line 508, in kernel_model
        self._check_kernel_id(kernel_id)
        ~~~~~~~~~~~~~~~~~~~~~^^^^^^^^^^^
      File "/home/baris/anaconda3/lib/python3.13/site-packages/jupyter_server/services/kernels/kernelmanager.py", line 539, in _check_kernel_id
        raise web.HTTPError(404, "Kernel does not exist: %s" % kernel_id)
    tornado.web.HTTPError: HTTP 404: Not Found (Kernel does not exist: 72f60de9-1671-47e9-b9d9-4e770f2fc3a6)
[W 2026-09-21 04:01:44.967 ServerApp] 404 GET /api/kernels/72f60de9-1671-47e9-b9d9-4e770f2fc3a6?1789952504052 (8badea1fd6444391b68819cfcabcbc54@::1) 8.36ms referer=http://localhost:8888/notebooks/train.ipynb
[W 2026-09-21 04:01:45.510 ServerApp] 404 GET /api/kernels/72f60de9-1671-47e9-b9d9-4e770f2fc3a6/channels?session_id=c05d1516-1a41-48b6-ab7a-03dfc3419413 (::1): Kernel does not exist: 72f60de9-1671-47e9-b9d9-4e770f2fc3a6
[W 2026-09-21 04:01:45.519 ServerApp] 404 GET /api/kernels/72f60de9-1671-47e9-b9d9-4e770f2fc3a6/channels?session_id=c05d1516-1a41-48b6-ab7a-03dfc3419413 (8badea1fd6444391b68819cfcabcbc54@::1) 8.79ms referer=None
[W 2026-09-21 04:01:45.647 ServerApp] 404 GET /api/kernels/72f60de9-1671-47e9-b9d9-4e770f2fc3a6?1789952505555 (::1): Kernel does not exist: 72f60de9-1671-47e9-b9d9-4e770f2fc3a6
[W 2026-09-21 04:01:45.647 ServerApp] wrote error: 'Kernel does not exist: 72f60de9-1671-47e9-b9d9-4e770f2fc3a6'
    Traceback (most recent call last):
      File "/home/baris/anaconda3/lib/python3.13/site-packages/tornado/web.py", line 1848, in _execute
        result = await result
                 ^^^^^^^^^^^^
      File "/home/baris/anaconda3/lib/python3.13/site-packages/jupyter_server/auth/decorator.py", line 73, in inner
        return await out
               ^^^^^^^^^
      File "/home/baris/anaconda3/lib/python3.13/site-packages/jupyter_server/services/kernels/handlers.py", line 75, in get
        model = await ensure_async(km.kernel_model(kernel_id))
                                   ~~~~~~~~~~~~~~~^^^^^^^^^^^
      File "/home/baris/anaconda3/lib/python3.13/site-packages/jupyter_server/services/kernels/kernelmanager.py", line 508, in kernel_model
        self._check_kernel_id(kernel_id)
        ~~~~~~~~~~~~~~~~~~~~~^^^^^^^^^^^
      File "/home/baris/anaconda3/lib/python3.13/site-packages/jupyter_server/services/kernels/kernelmanager.py", line 539, in _check_kernel_id
        raise web.HTTPError(404, "Kernel does not exist: %s" % kernel_id)
    tornado.web.HTTPError: HTTP 404: Not Found (Kernel does not exist: 72f60de9-1671-47e9-b9d9-4e770f2fc3a6)
[W 2026-09-21 04:01:45.647 ServerApp] 404 GET /api/kernels/72f60de9-1671-47e9-b9d9-4e770f2fc3a6?1789952505555 (8badea1fd6444391b68819cfcabcbc54@::1) 0.96ms referer=http://localhost:8888/notebooks/train.ipynb
[E 2026-09-21 04:01:46.124 ServerApp] Exception restarting kernel
    Traceback (most recent call last):
      File "/home/baris/anaconda3/lib/python3.13/site-packages/jupyter_server/services/kernels/handlers.py", line 101, in post
        await km.restart_kernel(kernel_id)
      File "/home/baris/anaconda3/lib/python3.13/site-packages/jupyter_server/services/kernels/kernelmanager.py", line 446, in _async_restart_kernel
        self._check_kernel_id(kernel_id)
        ~~~~~~~~~~~~~~~~~~~~~^^^^^^^^^^^
      File "/home/baris/anaconda3/lib/python3.13/site-packages/jupyter_server/services/kernels/kernelmanager.py", line 539, in _check_kernel_id
        raise web.HTTPError(404, "Kernel does not exist: %s" % kernel_id)
    tornado.web.HTTPError: HTTP 404: Not Found (Kernel does not exist: 72f60de9-1671-47e9-b9d9-4e770f2fc3a6)
[E 2026-09-21 04:01:46.124 ServerApp] {
      "Host": "localhost:8888",
      "Accept": "*/*",
      "Referer": "http://localhost:8888/notebooks/train.ipynb",
      "User-Agent": "Mozilla/5.0 (X11; Ubuntu; Linux x86_64; rv:155.0) Gecko/20100101 Firefox/155.0"
    }
[E 2026-09-21 04:01:46.124 ServerApp] 500 POST /api/kernels/72f60de9-1671-47e9-b9d9-4e770f2fc3a6/restart?1789952506080 (8badea1fd6444391b68819cfcabcbc54@::1) 0.81ms referer=http://localhost:8888/notebooks/train.ipynb
[W 2026-09-21 04:01:48.097 ServerApp] 404 GET /api/kernels/72f60de9-1671-47e9-b9d9-4e770f2fc3a6/channels?session_id=c05d1516-1a41-48b6-ab7a-03dfc3419413 (::1): Kernel does not exist: 72f60de9-1671-47e9-b9d9-4e770f2fc3a6
[W 2026-09-21 04:01:48.097 ServerApp] 404 GET /api/kernels/72f60de9-1671-47e9-b9d9-4e770f2fc3a6/channels?session_id=c05d1516-1a41-48b6-ab7a-03dfc3419413 (8badea1fd6444391b68819cfcabcbc54@::1) 1.04ms referer=None
[W 2026-09-21 04:01:48.223 ServerApp] 404 GET /api/kernels/72f60de9-1671-47e9-b9d9-4e770f2fc3a6?1789952508135 (::1): Kernel does not exist: 72f60de9-1671-47e9-b9d9-4e770f2fc3a6
[W 2026-09-21 04:01:48.224 ServerApp] wrote error: 'Kernel does not exist: 72f60de9-1671-47e9-b9d9-4e770f2fc3a6'
    Traceback (most recent call last):
      File "/home/baris/anaconda3/lib/python3.13/site-packages/tornado/web.py", line 1848, in _execute
        result = await result
                 ^^^^^^^^^^^^
      File "/home/baris/anaconda3/lib/python3.13/site-packages/jupyter_server/auth/decorator.py", line 73, in inner
        return await out
               ^^^^^^^^^
      File "/home/baris/anaconda3/lib/python3.13/site-packages/jupyter_server/services/kernels/handlers.py", line 75, in get
        model = await ensure_async(km.kernel_model(kernel_id))
                                   ~~~~~~~~~~~~~~~^^^^^^^^^^^
      File "/home/baris/anaconda3/lib/python3.13/site-packages/jupyter_server/services/kernels/kernelmanager.py", line 508, in kernel_model
        self._check_kernel_id(kernel_id)
        ~~~~~~~~~~~~~~~~~~~~~^^^^^^^^^^^
      File "/home/baris/anaconda3/lib/python3.13/site-packages/jupyter_server/services/kernels/kernelmanager.py", line 539, in _check_kernel_id
        raise web.HTTPError(404, "Kernel does not exist: %s" % kernel_id)
    tornado.web.HTTPError: HTTP 404: Not Found (Kernel does not exist: 72f60de9-1671-47e9-b9d9-4e770f2fc3a6)
[W 2026-09-21 04:01:48.224 ServerApp] 404 GET /api/kernels/72f60de9-1671-47e9-b9d9-4e770f2fc3a6?1789952508135 (8badea1fd6444391b68819cfcabcbc54@::1) 0.93ms referer=http://localhost:8888/notebooks/train.ipynb
[I 2026-09-21 04:01:53.668 ServerApp] Kernel started: 0da0cd1d-c03c-4f32-957d-15478a8a8bb3
[I 2026-09-21 04:01:54.029 ServerApp] Connecting to kernel 0da0cd1d-c03c-4f32-957d-15478a8a8bb3.
[W 2026-09-21 04:01:54.030 ServerApp] The websocket_ping_timeout (90000) cannot be longer than the websocket_ping_interval (30000).
    Setting websocket_ping_timeout=30000
[I 2026-09-21 04:02:25.688 ServerApp] Saving file at /train.ipynb
[I 2026-09-21 04:04:26.441 ServerApp] Saving file at /train.ipynb
[I 2026-09-21 04:04:27.245 ServerApp] Kernel restarted: 0da0cd1d-c03c-4f32-957d-15478a8a8bb3
[I 2026-09-21 04:04:27.639 ServerApp] Starting buffering for 0da0cd1d-c03c-4f32-957d-15478a8a8bb3:ad90b9e8-1f1f-4047-a041-e27eef2c05a5
[I 2026-09-21 04:04:27.720 ServerApp] Connecting to kernel 0da0cd1d-c03c-4f32-957d-15478a8a8bb3.
[I 2026-09-21 04:04:27.720 ServerApp] Restoring connection for 0da0cd1d-c03c-4f32-957d-15478a8a8bb3:ad90b9e8-1f1f-4047-a041-e27eef2c05a5
[I 2026-09-21 04:05:24.731 ServerApp] Kernel restarted: 0da0cd1d-c03c-4f32-957d-15478a8a8bb3
[I 2026-09-21 04:05:24.841 ServerApp] Starting buffering for 0da0cd1d-c03c-4f32-957d-15478a8a8bb3:ad90b9e8-1f1f-4047-a041-e27eef2c05a5
[I 2026-09-21 04:05:25.023 ServerApp] Connecting to kernel 0da0cd1d-c03c-4f32-957d-15478a8a8bb3.
[I 2026-09-21 04:05:25.023 ServerApp] Restoring connection for 0da0cd1d-c03c-4f32-957d-15478a8a8bb3:ad90b9e8-1f1f-4047-a041-e27eef2c05a5
[I 2026-09-21 04:06:18.212 ServerApp] Kernel restarted: 0da0cd1d-c03c-4f32-957d-15478a8a8bb3
[I 2026-09-21 04:06:18.342 ServerApp] Starting buffering for 0da0cd1d-c03c-4f32-957d-15478a8a8bb3:ad90b9e8-1f1f-4047-a041-e27eef2c05a5
[I 2026-09-21 04:06:18.450 ServerApp] Connecting to kernel 0da0cd1d-c03c-4f32-957d-15478a8a8bb3.
[I 2026-09-21 04:06:18.450 ServerApp] Restoring connection for 0da0cd1d-c03c-4f32-957d-15478a8a8bb3:ad90b9e8-1f1f-4047-a041-e27eef2c05a5
[I 2026-09-21 04:06:27.065 ServerApp] Saving file at /train.ipynb
[I 2026-09-21 04:07:10.804 ServerApp] Saving file at /train.ipynb
In file included from /home/baris/anaconda3/envs/py311/include/python3.11/Python.h:12,
                 from /var/tmp/tmp49_g7dla/cuda_utils.c:6:
/home/baris/anaconda3/envs/py311/include/python3.11/pyconfig.h:1793:9: warning: ‘_POSIX_C_SOURCE’ redefined
 1793 | #define _POSIX_C_SOURCE 200809L
      |         ^~~~~~~~~~~~~~~
In file included from /usr/include/bits/libc-header-start.h:33,
                 from /usr/include/stdlib.h:26,
                 from /home/baris/anaconda3/envs/py311/lib/python3.11/site-packages/triton/backends/nvidia/include/cuda.h:56,
                 from /var/tmp/tmp49_g7dla/cuda_utils.c:1:
/usr/include/features.h:319:10: note: this is the location of the previous definition
  319 | # define _POSIX_C_SOURCE        202405L
      |          ^~~~~~~~~~~~~~~
/var/tmp/tmp49_g7dla/cuda_utils.c:476:1: fatal error: error writing to /tmp/ccBwgtsR.s: Disk quota exceeded
  476 | }
      | ^
compilation terminated.
In file included from /home/baris/anaconda3/envs/py311/include/python3.11/Python.h:12,
                 from /var/tmp/tmpgf0ju9il/cuda_utils.c:6:
/home/baris/anaconda3/envs/py311/include/python3.11/pyconfig.h:1793:9: warning: ‘_POSIX_C_SOURCE’ redefined
 1793 | #define _POSIX_C_SOURCE 200809L
      |         ^~~~~~~~~~~~~~~
In file included from /usr/include/bits/libc-header-start.h:33,
                 from /usr/include/stdlib.h:26,
                 from /home/baris/anaconda3/envs/py311/lib/python3.11/site-packages/triton/backends/nvidia/include/cuda.h:56,
                 from /var/tmp/tmpgf0ju9il/cuda_utils.c:1:
/usr/include/features.h:319:10: note: this is the location of the previous definition
  319 | # define _POSIX_C_SOURCE        202405L
      |          ^~~~~~~~~~~~~~~
/var/tmp/tmpgf0ju9il/cuda_utils.c:476:1: fatal error: error writing to /tmp/cc7Z7zZI.s: Disk quota exceeded
  476 | }
      | ^
compilation terminated.
In file included from /home/baris/anaconda3/envs/py311/include/python3.11/Python.h:12,
                 from /var/tmp/tmpm92msxah/cuda_utils.c:6:
/home/baris/anaconda3/envs/py311/include/python3.11/pyconfig.h:1793:9: warning: ‘_POSIX_C_SOURCE’ redefined
 1793 | #define _POSIX_C_SOURCE 200809L
      |         ^~~~~~~~~~~~~~~
In file included from /usr/include/bits/libc-header-start.h:33,
                 from /usr/include/stdlib.h:26,
                 from /home/baris/anaconda3/envs/py311/lib/python3.11/site-packages/triton/backends/nvidia/include/cuda.h:56,
                 from /var/tmp/tmpm92msxah/cuda_utils.c:1:
/usr/include/features.h:319:10: note: this is the location of the previous definition
  319 | # define _POSIX_C_SOURCE        202405L
      |          ^~~~~~~~~~~~~~~
/var/tmp/tmpm92msxah/cuda_utils.c:476:1: fatal error: error writing to /tmp/cc0U1R44.s: Disk quota exceeded
  476 | }
      | ^
compilation terminated.
In file included from /home/baris/anaconda3/envs/py311/include/python3.11/Python.h:12,
                 from /var/tmp/tmpgzbf7l70/cuda_utils.c:6:
/home/baris/anaconda3/envs/py311/include/python3.11/pyconfig.h:1793:9: warning: ‘_POSIX_C_SOURCE’ redefined
 1793 | #define _POSIX_C_SOURCE 200809L
      |         ^~~~~~~~~~~~~~~
In file included from /usr/include/bits/libc-header-start.h:33,
                 from /usr/include/stdlib.h:26,
                 from /home/baris/anaconda3/envs/py311/lib/python3.11/site-packages/triton/backends/nvidia/include/cuda.h:56,
                 from /var/tmp/tmpgzbf7l70/cuda_utils.c:1:
/usr/include/features.h:319:10: note: this is the location of the previous definition
  319 | # define _POSIX_C_SOURCE        202405L
      |          ^~~~~~~~~~~~~~~
/var/tmp/tmpgzbf7l70/cuda_utils.c:476:1: fatal error: error writing to /tmp/ccwspjQC.s: Disk quota exceeded
  476 | }
      | ^
compilation terminated.
In file included from /home/baris/anaconda3/envs/py311/include/python3.11/Python.h:12,
                 from /var/tmp/tmp72iy9dah/cuda_utils.c:6:
/home/baris/anaconda3/envs/py311/include/python3.11/pyconfig.h:1793:9: warning: ‘_POSIX_C_SOURCE’ redefined
 1793 | #define _POSIX_C_SOURCE 200809L
      |         ^~~~~~~~~~~~~~~
In file included from /usr/include/bits/libc-header-start.h:33,
                 from /usr/include/stdlib.h:26,
                 from /home/baris/anaconda3/envs/py311/lib/python3.11/site-packages/triton/backends/nvidia/include/cuda.h:56,
                 from /var/tmp/tmp72iy9dah/cuda_utils.c:1:
/usr/include/features.h:319:10: note: this is the location of the previous definition
  319 | # define _POSIX_C_SOURCE        202405L
      |          ^~~~~~~~~~~~~~~
/var/tmp/tmp72iy9dah/cuda_utils.c:476:1: fatal error: error writing to /tmp/ccPVgXCN.s: Disk quota exceeded
  476 | }
      | ^
compilation terminated.
In file included from /home/baris/anaconda3/envs/py311/include/python3.11/Python.h:12,
                 from /var/tmp/tmpclnj51zh/cuda_utils.c:6:
/home/baris/anaconda3/envs/py311/include/python3.11/pyconfig.h:1793:9: warning: ‘_POSIX_C_SOURCE’ redefined
 1793 | #define _POSIX_C_SOURCE 200809L
      |         ^~~~~~~~~~~~~~~
In file included from /usr/include/bits/libc-header-start.h:33,
                 from /usr/include/stdlib.h:26,
                 from /home/baris/anaconda3/envs/py311/lib/python3.11/site-packages/triton/backends/nvidia/include/cuda.h:56,
                 from /var/tmp/tmpclnj51zh/cuda_utils.c:1:
/usr/include/features.h:319:10: note: this is the location of the previous definition
  319 | # define _POSIX_C_SOURCE        202405L
      |          ^~~~~~~~~~~~~~~
/var/tmp/tmpclnj51zh/cuda_utils.c:476:1: fatal error: error writing to /tmp/cc3HkBg8.s: Disk quota exceeded
  476 | }
      | ^
compilation terminated.
In file included from /home/baris/anaconda3/envs/py311/include/python3.11/Python.h:12,
                 from /var/tmp/tmphduochjy/cuda_utils.c:6:
/home/baris/anaconda3/envs/py311/include/python3.11/pyconfig.h:1793:9: warning: ‘_POSIX_C_SOURCE’ redefined
 1793 | #define _POSIX_C_SOURCE 200809L
      |         ^~~~~~~~~~~~~~~
In file included from /usr/include/bits/libc-header-start.h:33,
                 from /usr/include/stdlib.h:26,
                 from /home/baris/anaconda3/envs/py311/lib/python3.11/site-packages/triton/backends/nvidia/include/cuda.h:56,
                 from /var/tmp/tmphduochjy/cuda_utils.c:1:
/usr/include/features.h:319:10: note: this is the location of the previous definition
  319 | # define _POSIX_C_SOURCE        202405L
      |          ^~~~~~~~~~~~~~~
/var/tmp/tmphduochjy/cuda_utils.c:476:1: fatal error: error writing to /tmp/ccACHE0x.s: Disk quota exceeded
  476 | }
      | ^
compilation terminated.
In file included from /home/baris/anaconda3/envs/py311/include/python3.11/Python.h:12,
                 from /var/tmp/tmpg56sa07w/cuda_utils.c:6:
/home/baris/anaconda3/envs/py311/include/python3.11/pyconfig.h:1793:9: warning: ‘_POSIX_C_SOURCE’ redefined
 1793 | #define _POSIX_C_SOURCE 200809L
      |         ^~~~~~~~~~~~~~~
In file included from /usr/include/bits/libc-header-start.h:33,
                 from /usr/include/stdlib.h:26,
                 from /home/baris/anaconda3/envs/py311/lib/python3.11/site-packages/triton/backends/nvidia/include/cuda.h:56,
                 from /var/tmp/tmpg56sa07w/cuda_utils.c:1:
/usr/include/features.h:319:10: note: this is the location of the previous definition
  319 | # define _POSIX_C_SOURCE        202405L
      |          ^~~~~~~~~~~~~~~
/var/tmp/tmpg56sa07w/cuda_utils.c:476:1: fatal error: error writing to /tmp/ccXUISwW.s: Disk quota exceeded
  476 | }
      | ^
compilation terminated.
In file included from /home/baris/anaconda3/envs/py311/include/python3.11/Python.h:12,
                 from /var/tmp/tmp8b61evoh/cuda_utils.c:6:
/home/baris/anaconda3/envs/py311/include/python3.11/pyconfig.h:1793:9: warning: ‘_POSIX_C_SOURCE’ redefined
 1793 | #define _POSIX_C_SOURCE 200809L
      |         ^~~~~~~~~~~~~~~
In file included from /usr/include/bits/libc-header-start.h:33,
                 from /usr/include/stdlib.h:26,
                 from /home/baris/anaconda3/envs/py311/lib/python3.11/site-packages/triton/backends/nvidia/include/cuda.h:56,
                 from /var/tmp/tmp8b61evoh/cuda_utils.c:1:
/usr/include/features.h:319:10: note: this is the location of the previous definition
  319 | # define _POSIX_C_SOURCE        202405L
      |          ^~~~~~~~~~~~~~~
/var/tmp/tmp8b61evoh/cuda_utils.c:476:1: fatal error: error writing to /tmp/ccEJyeGT.s: Disk quota exceeded
  476 | }
      | ^
compilation terminated.
In file included from /home/baris/anaconda3/envs/py311/include/python3.11/Python.h:12,
                 from /var/tmp/tmpjmbl1f5y/cuda_utils.c:6:
/home/baris/anaconda3/envs/py311/include/python3.11/pyconfig.h:1793:9: warning: ‘_POSIX_C_SOURCE’ redefined
 1793 | #define _POSIX_C_SOURCE 200809L
      |         ^~~~~~~~~~~~~~~
In file included from /usr/include/bits/libc-header-start.h:33,
                 from /usr/include/stdlib.h:26,
                 from /home/baris/anaconda3/envs/py311/lib/python3.11/site-packages/triton/backends/nvidia/include/cuda.h:56,
                 from /var/tmp/tmpjmbl1f5y/cuda_utils.c:1:
/usr/include/features.h:319:10: note: this is the location of the previous definition
  319 | # define _POSIX_C_SOURCE        202405L
      |          ^~~~~~~~~~~~~~~
/var/tmp/tmpjmbl1f5y/cuda_utils.c:476:1: fatal error: error writing to /tmp/cci9tXM0.s: Disk quota exceeded
  476 | }
      | ^
compilation terminated.
In file included from /home/baris/anaconda3/envs/py311/include/python3.11/Python.h:12,
                 from /var/tmp/tmphk2gizuo/cuda_utils.c:6:
/home/baris/anaconda3/envs/py311/include/python3.11/pyconfig.h:1793:9: warning: ‘_POSIX_C_SOURCE’ redefined
 1793 | #define _POSIX_C_SOURCE 200809L
      |         ^~~~~~~~~~~~~~~
In file included from /usr/include/bits/libc-header-start.h:33,
                 from /usr/include/stdlib.h:26,
                 from /home/baris/anaconda3/envs/py311/lib/python3.11/site-packages/triton/backends/nvidia/include/cuda.h:56,
                 from /var/tmp/tmphk2gizuo/cuda_utils.c:1:
/usr/include/features.h:319:10: note: this is the location of the previous definition
  319 | # define _POSIX_C_SOURCE        202405L
      |          ^~~~~~~~~~~~~~~
/var/tmp/tmphk2gizuo/cuda_utils.c:476:1: fatal error: error writing to /tmp/ccETeD4E.s: Disk quota exceeded
  476 | }
      | ^
compilation terminated.
In file included from /home/baris/anaconda3/envs/py311/include/python3.11/Python.h:12,
                 from /var/tmp/tmp1t7ygejw/cuda_utils.c:6:
/home/baris/anaconda3/envs/py311/include/python3.11/pyconfig.h:1793:9: warning: ‘_POSIX_C_SOURCE’ redefined
 1793 | #define _POSIX_C_SOURCE 200809L
      |         ^~~~~~~~~~~~~~~
In file included from /usr/include/bits/libc-header-start.h:33,
                 from /usr/include/stdlib.h:26,
                 from /home/baris/anaconda3/envs/py311/lib/python3.11/site-packages/triton/backends/nvidia/include/cuda.h:56,
                 from /var/tmp/tmp1t7ygejw/cuda_utils.c:1:
/usr/include/features.h:319:10: note: this is the location of the previous definition
  319 | # define _POSIX_C_SOURCE        202405L
      |          ^~~~~~~~~~~~~~~
/var/tmp/tmp1t7ygejw/cuda_utils.c:476:1: fatal error: error writing to /tmp/ccgwpeCS.s: Disk quota exceeded
  476 | }
      | ^
compilation terminated.
In file included from /home/baris/anaconda3/envs/py311/include/python3.11/Python.h:12,
                 from /var/tmp/tmp5_xznocn/cuda_utils.c:6:
/home/baris/anaconda3/envs/py311/include/python3.11/pyconfig.h:1793:9: warning: ‘_POSIX_C_SOURCE’ redefined
 1793 | #define _POSIX_C_SOURCE 200809L
      |         ^~~~~~~~~~~~~~~
In file included from /usr/include/bits/libc-header-start.h:33,
                 from /usr/include/stdlib.h:26,
                 from /home/baris/anaconda3/envs/py311/lib/python3.11/site-packages/triton/backends/nvidia/include/cuda.h:56,
                 from /var/tmp/tmp5_xznocn/cuda_utils.c:1:
/usr/include/features.h:319:10: note: this is the location of the previous definition
  319 | # define _POSIX_C_SOURCE        202405L
      |          ^~~~~~~~~~~~~~~
/var/tmp/tmp5_xznocn/cuda_utils.c:476:1: fatal error: error writing to /tmp/ccOHbxVj.s: Disk quota exceeded
  476 | }
      | ^
compilation terminated.
In file included from /home/baris/anaconda3/envs/py311/include/python3.11/Python.h:12,
                 from /var/tmp/tmpapjk0_lh/cuda_utils.c:6:
/home/baris/anaconda3/envs/py311/include/python3.11/pyconfig.h:1793:9: warning: ‘_POSIX_C_SOURCE’ redefined
 1793 | #define _POSIX_C_SOURCE 200809L
      |         ^~~~~~~~~~~~~~~
In file included from /usr/include/bits/libc-header-start.h:33,
                 from /usr/include/stdlib.h:26,
                 from /home/baris/anaconda3/envs/py311/lib/python3.11/site-packages/triton/backends/nvidia/include/cuda.h:56,
                 from /var/tmp/tmpapjk0_lh/cuda_utils.c:1:
/usr/include/features.h:319:10: note: this is the location of the previous definition
  319 | # define _POSIX_C_SOURCE        202405L
      |          ^~~~~~~~~~~~~~~
/var/tmp/tmpapjk0_lh/cuda_utils.c:476:1: fatal error: error writing to /tmp/ccpsPnFN.s: Disk quota exceeded
  476 | }
      | ^
compilation terminated.
[I 2026-09-21 04:08:06.685 ServerApp] Kernel restarted: 0da0cd1d-c03c-4f32-957d-15478a8a8bb3
[I 2026-09-21 04:08:06.816 ServerApp] Starting buffering for 0da0cd1d-c03c-4f32-957d-15478a8a8bb3:ad90b9e8-1f1f-4047-a041-e27eef2c05a5
[I 2026-09-21 04:08:06.890 ServerApp] Connecting to kernel 0da0cd1d-c03c-4f32-957d-15478a8a8bb3.
[I 2026-09-21 04:08:06.890 ServerApp] Restoring connection for 0da0cd1d-c03c-4f32-957d-15478a8a8bb3:ad90b9e8-1f1f-4047-a041-e27eef2c05a5
[I 2026-09-21 04:08:27.666 ServerApp] Saving file at /train.ipynb
[I 2026-09-21 04:08:44.250 ServerApp] Kernel restarted: 0da0cd1d-c03c-4f32-957d-15478a8a8bb3
[I 2026-09-21 04:08:44.340 ServerApp] Starting buffering for 0da0cd1d-c03c-4f32-957d-15478a8a8bb3:ad90b9e8-1f1f-4047-a041-e27eef2c05a5
[I 2026-09-21 04:08:44.500 ServerApp] Connecting to kernel 0da0cd1d-c03c-4f32-957d-15478a8a8bb3.
[I 2026-09-21 04:08:44.500 ServerApp] Restoring connection for 0da0cd1d-c03c-4f32-957d-15478a8a8bb3:ad90b9e8-1f1f-4047-a041-e27eef2c05a5
[I 2026-09-21 04:08:59.641 ServerApp] Kernel restarted: 0da0cd1d-c03c-4f32-957d-15478a8a8bb3
[I 2026-09-21 04:09:00.129 ServerApp] Starting buffering for 0da0cd1d-c03c-4f32-957d-15478a8a8bb3:ad90b9e8-1f1f-4047-a041-e27eef2c05a5
[I 2026-09-21 04:09:00.202 ServerApp] Connecting to kernel 0da0cd1d-c03c-4f32-957d-15478a8a8bb3.
[I 2026-09-21 04:09:00.202 ServerApp] Restoring connection for 0da0cd1d-c03c-4f32-957d-15478a8a8bb3:ad90b9e8-1f1f-4047-a041-e27eef2c05a5
In file included from /home/baris/anaconda3/envs/py311/include/python3.11/Python.h:12,
                 from /var/tmp/tmpbarl6j2c/cuda_utils.c:6:
/home/baris/anaconda3/envs/py311/include/python3.11/pyconfig.h:1793:9: warning: ‘_POSIX_C_SOURCE’ redefined
 1793 | #define _POSIX_C_SOURCE 200809L
      |         ^~~~~~~~~~~~~~~
In file included from /usr/include/bits/libc-header-start.h:33,
                 from /usr/include/stdlib.h:26,
                 from /home/baris/anaconda3/envs/py311/lib/python3.11/site-packages/triton/backends/nvidia/include/cuda.h:56,
                 from /var/tmp/tmpbarl6j2c/cuda_utils.c:1:
/usr/include/features.h:319:10: note: this is the location of the previous definition
  319 | # define _POSIX_C_SOURCE        202405L
      |          ^~~~~~~~~~~~~~~
[I 2026-09-21 04:10:28.338 ServerApp] Saving file at /train.ipynb
[I 2026-09-21 04:12:29.029 ServerApp] Saving file at /train.ipynb
[I 2026-09-21 06:26:21.520 ServerApp] Kernel restarted: 0da0cd1d-c03c-4f32-957d-15478a8a8bb3
[I 2026-09-21 06:26:21.748 ServerApp] Starting buffering for 0da0cd1d-c03c-4f32-957d-15478a8a8bb3:ad90b9e8-1f1f-4047-a041-e27eef2c05a5
[I 2026-09-21 06:26:21.824 ServerApp] Connecting to kernel 0da0cd1d-c03c-4f32-957d-15478a8a8bb3.
[I 2026-09-21 06:26:21.824 ServerApp] Restoring connection for 0da0cd1d-c03c-4f32-957d-15478a8a8bb3:ad90b9e8-1f1f-4047-a041-e27eef2c05a5
[I 2026-09-21 06:27:06.528 ServerApp] Saving file at /train.ipynb
[I 2026-09-21 06:29:40.081 ServerApp] Kernel restarted: 0da0cd1d-c03c-4f32-957d-15478a8a8bb3
[I 2026-09-21 06:29:40.155 ServerApp] Starting buffering for 0da0cd1d-c03c-4f32-957d-15478a8a8bb3:ad90b9e8-1f1f-4047-a041-e27eef2c05a5
[I 2026-09-21 06:29:40.315 ServerApp] Connecting to kernel 0da0cd1d-c03c-4f32-957d-15478a8a8bb3.
[I 2026-09-21 06:29:40.315 ServerApp] Restoring connection for 0da0cd1d-c03c-4f32-957d-15478a8a8bb3:ad90b9e8-1f1f-4047-a041-e27eef2c05a5
[I 2026-09-21 06:31:08.843 ServerApp] Saving file at /train.ipynb
[I 2026-09-21 06:33:10.057 ServerApp] Saving file at /train.ipynb
[I 2026-09-21 06:37:23.902 ServerApp] Kernel restarted: 0da0cd1d-c03c-4f32-957d-15478a8a8bb3
[I 2026-09-21 06:37:24.011 ServerApp] Starting buffering for 0da0cd1d-c03c-4f32-957d-15478a8a8bb3:ad90b9e8-1f1f-4047-a041-e27eef2c05a5
[I 2026-09-21 06:37:24.171 ServerApp] Connecting to kernel 0da0cd1d-c03c-4f32-957d-15478a8a8bb3.
[I 2026-09-21 06:37:24.171 ServerApp] Restoring connection for 0da0cd1d-c03c-4f32-957d-15478a8a8bb3:ad90b9e8-1f1f-4047-a041-e27eef2c05a5
[I 2026-09-21 06:38:15.731 ServerApp] Kernel restarted: 0da0cd1d-c03c-4f32-957d-15478a8a8bb3
[I 2026-09-21 06:38:15.813 ServerApp] Starting buffering for 0da0cd1d-c03c-4f32-957d-15478a8a8bb3:ad90b9e8-1f1f-4047-a041-e27eef2c05a5
[I 2026-09-21 06:38:15.972 ServerApp] Connecting to kernel 0da0cd1d-c03c-4f32-957d-15478a8a8bb3.
[I 2026-09-21 06:38:15.972 ServerApp] Restoring connection for 0da0cd1d-c03c-4f32-957d-15478a8a8bb3:ad90b9e8-1f1f-4047-a041-e27eef2c05a5
[I 2026-09-21 06:38:49.772 ServerApp] Kernel restarted: 0da0cd1d-c03c-4f32-957d-15478a8a8bb3
[I 2026-09-21 06:38:49.845 ServerApp] Starting buffering for 0da0cd1d-c03c-4f32-957d-15478a8a8bb3:ad90b9e8-1f1f-4047-a041-e27eef2c05a5
[I 2026-09-21 06:38:50.006 ServerApp] Connecting to kernel 0da0cd1d-c03c-4f32-957d-15478a8a8bb3.
[I 2026-09-21 06:38:50.006 ServerApp] Restoring connection for 0da0cd1d-c03c-4f32-957d-15478a8a8bb3:ad90b9e8-1f1f-4047-a041-e27eef2c05a5
[I 2026-09-21 06:39:12.466 ServerApp] Saving file at /train.ipynb
[I 2026-09-21 06:41:13.237 ServerApp] Saving file at /train.ipynb
[I 2026-09-21 12:48:12.167 ServerApp] 302 GET / (@::1) 0.23ms
[I 2026-09-21 12:48:14.240 ServerApp] Connecting to kernel 0da0cd1d-c03c-4f32-957d-15478a8a8bb3.
[I 2026-09-21 12:48:16.205 ServerApp] Connecting to kernel 0da0cd1d-c03c-4f32-957d-15478a8a8bb3.
[I 2026-09-21 12:52:26.240 ServerApp] Kernel restarted: 0da0cd1d-c03c-4f32-957d-15478a8a8bb3
[I 2026-09-21 12:52:26.345 ServerApp] Starting buffering for 0da0cd1d-c03c-4f32-957d-15478a8a8bb3:ad90b9e8-1f1f-4047-a041-e27eef2c05a5
[I 2026-09-21 12:52:26.777 ServerApp] Connecting to kernel 0da0cd1d-c03c-4f32-957d-15478a8a8bb3.
[I 2026-09-21 12:52:26.777 ServerApp] Restoring connection for 0da0cd1d-c03c-4f32-957d-15478a8a8bb3:ad90b9e8-1f1f-4047-a041-e27eef2c05a5
[I 2026-09-21 12:52:26.779 ServerApp] Replaying 1 buffered messages
[I 2026-09-21 12:53:06.837 ServerApp] Saving file at /train.ipynb
[I 2026-09-21 12:54:19.801 ServerApp] Kernel restarted: 0da0cd1d-c03c-4f32-957d-15478a8a8bb3
[I 2026-09-21 12:54:19.885 ServerApp] Starting buffering for 0da0cd1d-c03c-4f32-957d-15478a8a8bb3:ad90b9e8-1f1f-4047-a041-e27eef2c05a5
[I 2026-09-21 12:54:19.985 ServerApp] Connecting to kernel 0da0cd1d-c03c-4f32-957d-15478a8a8bb3.
[I 2026-09-21 12:54:19.986 ServerApp] Restoring connection for 0da0cd1d-c03c-4f32-957d-15478a8a8bb3:ad90b9e8-1f1f-4047-a041-e27eef2c05a5
[I 2026-09-21 12:55:07.875 ServerApp] Saving file at /train.ipynb
[I 2026-09-21 12:55:12.608 ServerApp] Kernel restarted: 0da0cd1d-c03c-4f32-957d-15478a8a8bb3
[I 2026-09-21 12:55:12.715 ServerApp] Starting buffering for 0da0cd1d-c03c-4f32-957d-15478a8a8bb3:ad90b9e8-1f1f-4047-a041-e27eef2c05a5
[I 2026-09-21 12:55:12.836 ServerApp] Connecting to kernel 0da0cd1d-c03c-4f32-957d-15478a8a8bb3.
[I 2026-09-21 12:55:12.836 ServerApp] Restoring connection for 0da0cd1d-c03c-4f32-957d-15478a8a8bb3:ad90b9e8-1f1f-4047-a041-e27eef2c05a5
[I 2026-09-21 12:56:10.621 ServerApp] Kernel restarted: 0da0cd1d-c03c-4f32-957d-15478a8a8bb3
[I 2026-09-21 12:56:10.766 ServerApp] Starting buffering for 0da0cd1d-c03c-4f32-957d-15478a8a8bb3:ad90b9e8-1f1f-4047-a041-e27eef2c05a5
[I 2026-09-21 12:56:10.915 ServerApp] Connecting to kernel 0da0cd1d-c03c-4f32-957d-15478a8a8bb3.
[I 2026-09-21 12:56:10.915 ServerApp] Restoring connection for 0da0cd1d-c03c-4f32-957d-15478a8a8bb3:ad90b9e8-1f1f-4047-a041-e27eef2c05a5
[I 2026-09-21 12:57:08.804 ServerApp] Saving file at /train.ipynb
[I 2026-09-21 12:58:55.217 ServerApp] Kernel restarted: 0da0cd1d-c03c-4f32-957d-15478a8a8bb3
[I 2026-09-21 12:58:55.291 ServerApp] Starting buffering for 0da0cd1d-c03c-4f32-957d-15478a8a8bb3:ad90b9e8-1f1f-4047-a041-e27eef2c05a5
[I 2026-09-21 12:58:55.671 ServerApp] Connecting to kernel 0da0cd1d-c03c-4f32-957d-15478a8a8bb3.
[I 2026-09-21 12:58:55.671 ServerApp] Restoring connection for 0da0cd1d-c03c-4f32-957d-15478a8a8bb3:ad90b9e8-1f1f-4047-a041-e27eef2c05a5
[I 2026-09-21 12:58:55.681 ServerApp] Replaying 3 buffered messages
[I 2026-09-21 12:59:09.737 ServerApp] Saving file at /train.ipynb
[I 2026-09-21 12:59:22.401 ServerApp] Kernel restarted: 0da0cd1d-c03c-4f32-957d-15478a8a8bb3
[I 2026-09-21 12:59:22.554 ServerApp] Starting buffering for 0da0cd1d-c03c-4f32-957d-15478a8a8bb3:ad90b9e8-1f1f-4047-a041-e27eef2c05a5
[I 2026-09-21 12:59:22.702 ServerApp] Connecting to kernel 0da0cd1d-c03c-4f32-957d-15478a8a8bb3.
[I 2026-09-21 12:59:22.702 ServerApp] Restoring connection for 0da0cd1d-c03c-4f32-957d-15478a8a8bb3:ad90b9e8-1f1f-4047-a041-e27eef2c05a5
[I 2026-09-21 12:59:22.707 ServerApp] Replaying 2 buffered messages
[I 2026-09-21 13:01:10.335 ServerApp] Saving file at /train.ipynb
[I 2026-09-21 15:51:46.656 ServerApp] 302 GET / (@::1) 0.29ms
[I 2026-09-21 15:51:49.660 ServerApp] Connecting to kernel 0da0cd1d-c03c-4f32-957d-15478a8a8bb3.
[I 2026-09-21 15:51:56.872 ServerApp] Copying 'train.ipynb' to ''
[I 2026-09-21 15:52:01.112 ServerApp] Connecting to kernel 0da0cd1d-c03c-4f32-957d-15478a8a8bb3.
[I 2026-09-21 15:52:02.358 ServerApp] Kernel started: 5fe8054e-fdf3-49df-a07d-e6cc82291d7c
[I 2026-09-21 15:52:02.958 ServerApp] Connecting to kernel 5fe8054e-fdf3-49df-a07d-e6cc82291d7c.
[I 2026-09-21 15:52:03.152 ServerApp] Connecting to kernel 5fe8054e-fdf3-49df-a07d-e6cc82291d7c.
[I 2026-09-21 15:52:03.342 ServerApp] Connecting to kernel 5fe8054e-fdf3-49df-a07d-e6cc82291d7c.
[I 2026-09-21 15:53:02.270 ServerApp] Kernel restarted: 5fe8054e-fdf3-49df-a07d-e6cc82291d7c
[I 2026-09-21 15:53:02.358 ServerApp] Starting buffering for 5fe8054e-fdf3-49df-a07d-e6cc82291d7c:0d03f118-8481-494e-ab5f-0fd5a3b959b5
[I 2026-09-21 15:53:02.509 ServerApp] Connecting to kernel 5fe8054e-fdf3-49df-a07d-e6cc82291d7c.
[I 2026-09-21 15:53:02.509 ServerApp] Restoring connection for 5fe8054e-fdf3-49df-a07d-e6cc82291d7c:0d03f118-8481-494e-ab5f-0fd5a3b959b5
[I 2026-09-21 15:53:02.512 ServerApp] Replaying 1 buffered messages
[I 2026-09-21 15:53:58.964 ServerApp] Kernel restarted: 5fe8054e-fdf3-49df-a07d-e6cc82291d7c
[I 2026-09-21 15:53:59.137 ServerApp] Starting buffering for 5fe8054e-fdf3-49df-a07d-e6cc82291d7c:0d03f118-8481-494e-ab5f-0fd5a3b959b5
[I 2026-09-21 15:53:59.284 ServerApp] Connecting to kernel 5fe8054e-fdf3-49df-a07d-e6cc82291d7c.
[I 2026-09-21 15:53:59.284 ServerApp] Restoring connection for 5fe8054e-fdf3-49df-a07d-e6cc82291d7c:0d03f118-8481-494e-ab5f-0fd5a3b959b5
[I 2026-09-21 15:54:02.272 ServerApp] Saving file at /train-Copy1.ipynb
[I 2026-09-21 15:55:46.923 ServerApp] Kernel restarted: 5fe8054e-fdf3-49df-a07d-e6cc82291d7c
[I 2026-09-21 15:55:47.001 ServerApp] Starting buffering for 5fe8054e-fdf3-49df-a07d-e6cc82291d7c:0d03f118-8481-494e-ab5f-0fd5a3b959b5
[I 2026-09-21 15:55:47.109 ServerApp] Connecting to kernel 5fe8054e-fdf3-49df-a07d-e6cc82291d7c.
[I 2026-09-21 15:55:47.109 ServerApp] Restoring connection for 5fe8054e-fdf3-49df-a07d-e6cc82291d7c:0d03f118-8481-494e-ab5f-0fd5a3b959b5
[I 2026-09-21 15:55:51.701 ServerApp] Kernel restarted: 5fe8054e-fdf3-49df-a07d-e6cc82291d7c
[I 2026-09-21 15:55:51.791 ServerApp] Starting buffering for 5fe8054e-fdf3-49df-a07d-e6cc82291d7c:0d03f118-8481-494e-ab5f-0fd5a3b959b5
[I 2026-09-21 15:55:51.891 ServerApp] Connecting to kernel 5fe8054e-fdf3-49df-a07d-e6cc82291d7c.
[I 2026-09-21 15:55:51.891 ServerApp] Restoring connection for 5fe8054e-fdf3-49df-a07d-e6cc82291d7c:0d03f118-8481-494e-ab5f-0fd5a3b959b5
[I 2026-09-21 15:56:02.846 ServerApp] Saving file at /train-Copy1.ipynb
[I 2026-09-21 15:56:03.483 ServerApp] Kernel restarted: 5fe8054e-fdf3-49df-a07d-e6cc82291d7c
[I 2026-09-21 15:56:03.562 ServerApp] Starting buffering for 5fe8054e-fdf3-49df-a07d-e6cc82291d7c:0d03f118-8481-494e-ab5f-0fd5a3b959b5
[I 2026-09-21 15:56:03.662 ServerApp] Connecting to kernel 5fe8054e-fdf3-49df-a07d-e6cc82291d7c.
[I 2026-09-21 15:56:03.662 ServerApp] Restoring connection for 5fe8054e-fdf3-49df-a07d-e6cc82291d7c:0d03f118-8481-494e-ab5f-0fd5a3b959b5
[I 2026-09-21 15:58:03.538 ServerApp] Saving file at /train-Copy1.ipynb
[I 2026-09-21 16:00:04.493 ServerApp] Saving file at /train-Copy1.ipynb
[I 2026-09-21 16:02:06.019 ServerApp] Saving file at /train-Copy1.ipynb
[I 2026-09-21 16:04:14.536 ServerApp] Kernel shutdown: 5fe8054e-fdf3-49df-a07d-e6cc82291d7c
[I 2026-09-21 17:45:33.933 ServerApp] Starting buffering for 0da0cd1d-c03c-4f32-957d-15478a8a8bb3:ad90b9e8-1f1f-4047-a041-e27eef2c05a5
[I 2026-09-22 13:46:53.705 ServerApp] 302 GET / (@::1) 0.26ms
[I 2026-09-22 13:46:55.518 ServerApp] Connecting to kernel 0da0cd1d-c03c-4f32-957d-15478a8a8bb3.
[I 2026-09-22 13:46:55.522 ServerApp] Discarding 81726 buffered messages for 0da0cd1d-c03c-4f32-957d-15478a8a8bb3:ad90b9e8-1f1f-4047-a041-e27eef2c05a5
[I 2026-09-22 15:22:17.272 ServerApp] Starting buffering for 0da0cd1d-c03c-4f32-957d-15478a8a8bb3:b1726253-6ce5-4118-9853-d2650ca0ff6f
[I 2026-09-22 15:42:00.683 ServerApp] 302 GET / (@::1) 0.19ms
[I 2026-09-22 15:42:02.525 ServerApp] Connecting to kernel 0da0cd1d-c03c-4f32-957d-15478a8a8bb3.
[I 2026-09-22 15:42:02.526 ServerApp] Discarding 1348 buffered messages for 0da0cd1d-c03c-4f32-957d-15478a8a8bb3:b1726253-6ce5-4118-9853-d2650ca0ff6f
[I 2026-09-22 15:42:04.886 ServerApp] Starting buffering for 0da0cd1d-c03c-4f32-957d-15478a8a8bb3:2b34502c-a80f-4b38-ace1-075886c4fbe7
[I 2026-09-22 15:42:05.076 ServerApp] Connecting to kernel 0da0cd1d-c03c-4f32-957d-15478a8a8bb3.
[I 2026-09-22 15:42:05.077 ServerApp] Restoring connection for 0da0cd1d-c03c-4f32-957d-15478a8a8bb3:2b34502c-a80f-4b38-ace1-075886c4fbe7
[I 2026-09-22 15:42:05.460 ServerApp] Starting buffering for 0da0cd1d-c03c-4f32-957d-15478a8a8bb3:2b34502c-a80f-4b38-ace1-075886c4fbe7
[I 2026-09-22 19:25:50.723 ServerApp] 302 GET / (@::1) 1.19ms
[I 2026-09-22 19:25:53.025 ServerApp] Connecting to kernel 0da0cd1d-c03c-4f32-957d-15478a8a8bb3.
[I 2026-09-22 19:25:53.030 ServerApp] Discarding 15277 buffered messages for 0da0cd1d-c03c-4f32-957d-15478a8a8bb3:2b34502c-a80f-4b38-ace1-075886c4fbe7
[I 2026-09-22 19:28:10.277 ServerApp] 302 GET / (@::1) 0.18ms
[I 2026-09-22 19:28:12.764 ServerApp] Connecting to kernel 0da0cd1d-c03c-4f32-957d-15478a8a8bb3.
[I 2026-09-22 19:28:19.605 ServerApp] Connecting to kernel 0da0cd1d-c03c-4f32-957d-15478a8a8bb3.
[I 2026-09-22 19:28:21.626 ServerApp] Connecting to kernel 0da0cd1d-c03c-4f32-957d-15478a8a8bb3.
[I 2026-09-22 19:28:25.213 ServerApp] Kernel shutdown: 0da0cd1d-c03c-4f32-957d-15478a8a8bb3
[I 2026-09-22 19:29:21.520 ServerApp] Kernel started: 7af7f2d7-09b4-4931-a7e9-b28ec6f2b869
[I 2026-09-22 19:29:22.137 ServerApp] Connecting to kernel 7af7f2d7-09b4-4931-a7e9-b28ec6f2b869.
[I 2026-09-22 19:29:22.407 ServerApp] Connecting to kernel 7af7f2d7-09b4-4931-a7e9-b28ec6f2b869.
[I 2026-09-22 19:29:22.596 ServerApp] Connecting to kernel 7af7f2d7-09b4-4931-a7e9-b28ec6f2b869.
[I 2026-09-22 19:47:44.737 ServerApp] Kernel restarted: 7af7f2d7-09b4-4931-a7e9-b28ec6f2b869
[I 2026-09-22 19:47:44.825 ServerApp] Starting buffering for 7af7f2d7-09b4-4931-a7e9-b28ec6f2b869:e8deb0b2-7aca-4ae4-91ea-64fb7c66b449
[I 2026-09-22 19:47:44.938 ServerApp] Connecting to kernel 7af7f2d7-09b4-4931-a7e9-b28ec6f2b869.
[I 2026-09-22 19:47:44.938 ServerApp] Restoring connection for 7af7f2d7-09b4-4931-a7e9-b28ec6f2b869:e8deb0b2-7aca-4ae4-91ea-64fb7c66b449
[I 2026-09-22 19:48:22.479 ServerApp] Saving file at /train.ipynb
[I 2026-09-22 19:50:23.465 ServerApp] Saving file at /train.ipynb
[I 2026-09-22 19:52:24.329 ServerApp] Saving file at /train.ipynb
[I 2026-09-22 19:52:42.612 ServerApp] Kernel restarted: 7af7f2d7-09b4-4931-a7e9-b28ec6f2b869
[I 2026-09-22 19:52:42.741 ServerApp] Starting buffering for 7af7f2d7-09b4-4931-a7e9-b28ec6f2b869:e8deb0b2-7aca-4ae4-91ea-64fb7c66b449
[I 2026-09-22 19:52:42.899 ServerApp] Connecting to kernel 7af7f2d7-09b4-4931-a7e9-b28ec6f2b869.
[I 2026-09-22 19:52:42.899 ServerApp] Restoring connection for 7af7f2d7-09b4-4931-a7e9-b28ec6f2b869:e8deb0b2-7aca-4ae4-91ea-64fb7c66b449
[I 2026-09-22 19:53:37.815 ServerApp] Kernel restarted: 7af7f2d7-09b4-4931-a7e9-b28ec6f2b869
[I 2026-09-22 19:53:37.888 ServerApp] Starting buffering for 7af7f2d7-09b4-4931-a7e9-b28ec6f2b869:e8deb0b2-7aca-4ae4-91ea-64fb7c66b449
[I 2026-09-22 19:53:38.007 ServerApp] Connecting to kernel 7af7f2d7-09b4-4931-a7e9-b28ec6f2b869.
[I 2026-09-22 19:53:38.007 ServerApp] Restoring connection for 7af7f2d7-09b4-4931-a7e9-b28ec6f2b869:e8deb0b2-7aca-4ae4-91ea-64fb7c66b449
[I 2026-09-22 19:54:25.256 ServerApp] Saving file at /train.ipynb
[I 2026-09-22 19:54:51.557 ServerApp] Kernel restarted: 7af7f2d7-09b4-4931-a7e9-b28ec6f2b869
[I 2026-09-22 19:54:51.682 ServerApp] Starting buffering for 7af7f2d7-09b4-4931-a7e9-b28ec6f2b869:e8deb0b2-7aca-4ae4-91ea-64fb7c66b449
[I 2026-09-22 19:54:51.799 ServerApp] Connecting to kernel 7af7f2d7-09b4-4931-a7e9-b28ec6f2b869.
[I 2026-09-22 19:54:51.799 ServerApp] Restoring connection for 7af7f2d7-09b4-4931-a7e9-b28ec6f2b869:e8deb0b2-7aca-4ae4-91ea-64fb7c66b449
[I 2026-09-22 19:54:51.801 ServerApp] Replaying 1 buffered messages
[I 2026-09-22 19:56:07.607 ServerApp] Kernel restarted: 7af7f2d7-09b4-4931-a7e9-b28ec6f2b869
[I 2026-09-22 19:56:07.717 ServerApp] Starting buffering for 7af7f2d7-09b4-4931-a7e9-b28ec6f2b869:e8deb0b2-7aca-4ae4-91ea-64fb7c66b449
[I 2026-09-22 19:56:07.813 ServerApp] Connecting to kernel 7af7f2d7-09b4-4931-a7e9-b28ec6f2b869.
[I 2026-09-22 19:56:07.813 ServerApp] Restoring connection for 7af7f2d7-09b4-4931-a7e9-b28ec6f2b869:e8deb0b2-7aca-4ae4-91ea-64fb7c66b449
[I 2026-09-22 19:56:26.011 ServerApp] Saving file at /train.ipynb
[I 2026-09-22 19:57:09.353 ServerApp] Kernel restarted: 7af7f2d7-09b4-4931-a7e9-b28ec6f2b869
[I 2026-09-22 19:57:09.427 ServerApp] Starting buffering for 7af7f2d7-09b4-4931-a7e9-b28ec6f2b869:e8deb0b2-7aca-4ae4-91ea-64fb7c66b449
[I 2026-09-22 19:57:09.569 ServerApp] Connecting to kernel 7af7f2d7-09b4-4931-a7e9-b28ec6f2b869.
[I 2026-09-22 19:57:09.569 ServerApp] Restoring connection for 7af7f2d7-09b4-4931-a7e9-b28ec6f2b869:e8deb0b2-7aca-4ae4-91ea-64fb7c66b449
[I 2026-09-22 19:57:09.571 ServerApp] Replaying 1 buffered messages
[I 2026-09-22 19:58:26.811 ServerApp] Saving file at /train.ipynb
[I 2026-09-22 19:58:28.218 ServerApp] Kernel restarted: 7af7f2d7-09b4-4931-a7e9-b28ec6f2b869
[I 2026-09-22 19:58:28.524 ServerApp] Starting buffering for 7af7f2d7-09b4-4931-a7e9-b28ec6f2b869:e8deb0b2-7aca-4ae4-91ea-64fb7c66b449
[I 2026-09-22 19:58:28.621 ServerApp] Connecting to kernel 7af7f2d7-09b4-4931-a7e9-b28ec6f2b869.
[I 2026-09-22 19:58:28.621 ServerApp] Restoring connection for 7af7f2d7-09b4-4931-a7e9-b28ec6f2b869:e8deb0b2-7aca-4ae4-91ea-64fb7c66b449
[I 2026-09-22 19:59:21.690 ServerApp] Kernel restarted: 7af7f2d7-09b4-4931-a7e9-b28ec6f2b869
[I 2026-09-22 19:59:21.838 ServerApp] Starting buffering for 7af7f2d7-09b4-4931-a7e9-b28ec6f2b869:e8deb0b2-7aca-4ae4-91ea-64fb7c66b449
[I 2026-09-22 19:59:21.981 ServerApp] Connecting to kernel 7af7f2d7-09b4-4931-a7e9-b28ec6f2b869.
[I 2026-09-22 19:59:21.981 ServerApp] Restoring connection for 7af7f2d7-09b4-4931-a7e9-b28ec6f2b869:e8deb0b2-7aca-4ae4-91ea-64fb7c66b449
[I 2026-09-22 19:59:30.562 ServerApp] Kernel restarted: 7af7f2d7-09b4-4931-a7e9-b28ec6f2b869
[I 2026-09-22 19:59:30.635 ServerApp] Starting buffering for 7af7f2d7-09b4-4931-a7e9-b28ec6f2b869:e8deb0b2-7aca-4ae4-91ea-64fb7c66b449
[I 2026-09-22 19:59:30.779 ServerApp] Connecting to kernel 7af7f2d7-09b4-4931-a7e9-b28ec6f2b869.
[I 2026-09-22 19:59:30.779 ServerApp] Restoring connection for 7af7f2d7-09b4-4931-a7e9-b28ec6f2b869:e8deb0b2-7aca-4ae4-91ea-64fb7c66b449
[I 2026-09-22 19:59:40.269 ServerApp] Kernel restarted: 7af7f2d7-09b4-4931-a7e9-b28ec6f2b869
[I 2026-09-22 19:59:40.340 ServerApp] Starting buffering for 7af7f2d7-09b4-4931-a7e9-b28ec6f2b869:e8deb0b2-7aca-4ae4-91ea-64fb7c66b449
[I 2026-09-22 19:59:40.483 ServerApp] Connecting to kernel 7af7f2d7-09b4-4931-a7e9-b28ec6f2b869.
[I 2026-09-22 19:59:40.483 ServerApp] Restoring connection for 7af7f2d7-09b4-4931-a7e9-b28ec6f2b869:e8deb0b2-7aca-4ae4-91ea-64fb7c66b449
[I 2026-09-22 20:00:18.611 ServerApp] Kernel restarted: 7af7f2d7-09b4-4931-a7e9-b28ec6f2b869
[I 2026-09-22 20:00:18.683 ServerApp] Starting buffering for 7af7f2d7-09b4-4931-a7e9-b28ec6f2b869:e8deb0b2-7aca-4ae4-91ea-64fb7c66b449
[I 2026-09-22 20:00:18.826 ServerApp] Connecting to kernel 7af7f2d7-09b4-4931-a7e9-b28ec6f2b869.
[I 2026-09-22 20:00:18.826 ServerApp] Restoring connection for 7af7f2d7-09b4-4931-a7e9-b28ec6f2b869:e8deb0b2-7aca-4ae4-91ea-64fb7c66b449
[I 2026-09-22 20:00:27.628 ServerApp] Saving file at /train.ipynb
[W 2026-09-22 20:00:27.653 ServerApp] /home/baris/database_transformer/.~train.ipynb doesn't exist
[I 2026-09-22 20:02:28.617 ServerApp] Saving file at /train.ipynb
[I 2026-09-22 20:04:04.639 ServerApp] Kernel restarted: 7af7f2d7-09b4-4931-a7e9-b28ec6f2b869
[I 2026-09-22 20:04:04.711 ServerApp] Starting buffering for 7af7f2d7-09b4-4931-a7e9-b28ec6f2b869:e8deb0b2-7aca-4ae4-91ea-64fb7c66b449
[I 2026-09-22 20:04:04.855 ServerApp] Connecting to kernel 7af7f2d7-09b4-4931-a7e9-b28ec6f2b869.
[I 2026-09-22 20:04:04.855 ServerApp] Restoring connection for 7af7f2d7-09b4-4931-a7e9-b28ec6f2b869:e8deb0b2-7aca-4ae4-91ea-64fb7c66b449
[I 2026-09-22 20:04:04.857 ServerApp] Replaying 3 buffered messages
[I 2026-09-22 20:04:50.392 ServerApp] Kernel restarted: 7af7f2d7-09b4-4931-a7e9-b28ec6f2b869
[I 2026-09-22 20:04:50.500 ServerApp] Starting buffering for 7af7f2d7-09b4-4931-a7e9-b28ec6f2b869:e8deb0b2-7aca-4ae4-91ea-64fb7c66b449
[I 2026-09-22 20:04:50.597 ServerApp] Connecting to kernel 7af7f2d7-09b4-4931-a7e9-b28ec6f2b869.
[I 2026-09-22 20:04:50.597 ServerApp] Restoring connection for 7af7f2d7-09b4-4931-a7e9-b28ec6f2b869:e8deb0b2-7aca-4ae4-91ea-64fb7c66b449
[I 2026-09-22 20:06:00.139 ServerApp] Kernel restarted: 7af7f2d7-09b4-4931-a7e9-b28ec6f2b869
[I 2026-09-22 20:06:00.217 ServerApp] Starting buffering for 7af7f2d7-09b4-4931-a7e9-b28ec6f2b869:e8deb0b2-7aca-4ae4-91ea-64fb7c66b449
[I 2026-09-22 20:06:00.337 ServerApp] Connecting to kernel 7af7f2d7-09b4-4931-a7e9-b28ec6f2b869.
[I 2026-09-22 20:06:00.337 ServerApp] Restoring connection for 7af7f2d7-09b4-4931-a7e9-b28ec6f2b869:e8deb0b2-7aca-4ae4-91ea-64fb7c66b449
[I 2026-09-22 20:06:29.543 ServerApp] Saving file at /train.ipynb
[I 2026-09-22 20:07:00.378 ServerApp] Kernel restarted: 7af7f2d7-09b4-4931-a7e9-b28ec6f2b869
[I 2026-09-22 20:07:00.496 ServerApp] Starting buffering for 7af7f2d7-09b4-4931-a7e9-b28ec6f2b869:e8deb0b2-7aca-4ae4-91ea-64fb7c66b449
[I 2026-09-22 20:07:00.591 ServerApp] Connecting to kernel 7af7f2d7-09b4-4931-a7e9-b28ec6f2b869.
[I 2026-09-22 20:07:00.592 ServerApp] Restoring connection for 7af7f2d7-09b4-4931-a7e9-b28ec6f2b869:e8deb0b2-7aca-4ae4-91ea-64fb7c66b449
[I 2026-09-22 20:08:16.862 ServerApp] Kernel restarted: 7af7f2d7-09b4-4931-a7e9-b28ec6f2b869
[I 2026-09-22 20:08:16.939 ServerApp] Starting buffering for 7af7f2d7-09b4-4931-a7e9-b28ec6f2b869:e8deb0b2-7aca-4ae4-91ea-64fb7c66b449
[I 2026-09-22 20:08:17.062 ServerApp] Connecting to kernel 7af7f2d7-09b4-4931-a7e9-b28ec6f2b869.
[I 2026-09-22 20:08:17.062 ServerApp] Restoring connection for 7af7f2d7-09b4-4931-a7e9-b28ec6f2b869:e8deb0b2-7aca-4ae4-91ea-64fb7c66b449
[I 2026-09-22 20:08:31.075 ServerApp] Saving file at /train.ipynb
[I 2026-09-22 20:09:50.016 ServerApp] Kernel restarted: 7af7f2d7-09b4-4931-a7e9-b28ec6f2b869
[I 2026-09-22 20:09:50.370 ServerApp] Starting buffering for 7af7f2d7-09b4-4931-a7e9-b28ec6f2b869:e8deb0b2-7aca-4ae4-91ea-64fb7c66b449
[I 2026-09-22 20:09:50.523 ServerApp] Connecting to kernel 7af7f2d7-09b4-4931-a7e9-b28ec6f2b869.
[I 2026-09-22 20:09:50.523 ServerApp] Restoring connection for 7af7f2d7-09b4-4931-a7e9-b28ec6f2b869:e8deb0b2-7aca-4ae4-91ea-64fb7c66b449
[I 2026-09-22 20:10:32.165 ServerApp] Saving file at /train.ipynb
[I 2026-09-22 20:11:38.882 ServerApp] Kernel restarted: 7af7f2d7-09b4-4931-a7e9-b28ec6f2b869
[I 2026-09-22 20:11:38.997 ServerApp] Starting buffering for 7af7f2d7-09b4-4931-a7e9-b28ec6f2b869:e8deb0b2-7aca-4ae4-91ea-64fb7c66b449
[I 2026-09-22 20:11:39.156 ServerApp] Connecting to kernel 7af7f2d7-09b4-4931-a7e9-b28ec6f2b869.
[I 2026-09-22 20:11:39.156 ServerApp] Restoring connection for 7af7f2d7-09b4-4931-a7e9-b28ec6f2b869:e8deb0b2-7aca-4ae4-91ea-64fb7c66b449
[I 2026-09-22 20:12:32.974 ServerApp] Saving file at /train.ipynb
[I 2026-09-22 20:14:06.680 ServerApp] Kernel restarted: 7af7f2d7-09b4-4931-a7e9-b28ec6f2b869
[I 2026-09-22 20:14:06.762 ServerApp] Starting buffering for 7af7f2d7-09b4-4931-a7e9-b28ec6f2b869:e8deb0b2-7aca-4ae4-91ea-64fb7c66b449
[I 2026-09-22 20:14:06.905 ServerApp] Connecting to kernel 7af7f2d7-09b4-4931-a7e9-b28ec6f2b869.
[I 2026-09-22 20:14:06.906 ServerApp] Restoring connection for 7af7f2d7-09b4-4931-a7e9-b28ec6f2b869:e8deb0b2-7aca-4ae4-91ea-64fb7c66b449
[I 2026-09-22 20:14:06.908 ServerApp] Replaying 1 buffered messages
[I 2026-09-22 20:14:33.617 ServerApp] Saving file at /train.ipynb
[I 2026-09-22 20:14:55.345 ServerApp] Kernel restarted: 7af7f2d7-09b4-4931-a7e9-b28ec6f2b869
[I 2026-09-22 20:14:55.421 ServerApp] Starting buffering for 7af7f2d7-09b4-4931-a7e9-b28ec6f2b869:e8deb0b2-7aca-4ae4-91ea-64fb7c66b449
[I 2026-09-22 20:14:55.562 ServerApp] Connecting to kernel 7af7f2d7-09b4-4931-a7e9-b28ec6f2b869.
[I 2026-09-22 20:14:55.563 ServerApp] Restoring connection for 7af7f2d7-09b4-4931-a7e9-b28ec6f2b869:e8deb0b2-7aca-4ae4-91ea-64fb7c66b449
[I 2026-09-22 20:15:38.442 ServerApp] Kernel restarted: 7af7f2d7-09b4-4931-a7e9-b28ec6f2b869
[I 2026-09-22 20:15:38.616 ServerApp] Starting buffering for 7af7f2d7-09b4-4931-a7e9-b28ec6f2b869:e8deb0b2-7aca-4ae4-91ea-64fb7c66b449
[I 2026-09-22 20:15:38.760 ServerApp] Connecting to kernel 7af7f2d7-09b4-4931-a7e9-b28ec6f2b869.
[I 2026-09-22 20:15:38.760 ServerApp] Restoring connection for 7af7f2d7-09b4-4931-a7e9-b28ec6f2b869:e8deb0b2-7aca-4ae4-91ea-64fb7c66b449
[I 2026-09-22 20:16:34.524 ServerApp] Saving file at /train.ipynb
[I 2026-09-22 20:16:42.831 ServerApp] Kernel restarted: 7af7f2d7-09b4-4931-a7e9-b28ec6f2b869
[I 2026-09-22 20:16:42.906 ServerApp] Starting buffering for 7af7f2d7-09b4-4931-a7e9-b28ec6f2b869:e8deb0b2-7aca-4ae4-91ea-64fb7c66b449
[I 2026-09-22 20:16:43.051 ServerApp] Connecting to kernel 7af7f2d7-09b4-4931-a7e9-b28ec6f2b869.
[I 2026-09-22 20:16:43.051 ServerApp] Restoring connection for 7af7f2d7-09b4-4931-a7e9-b28ec6f2b869:e8deb0b2-7aca-4ae4-91ea-64fb7c66b449
[I 2026-09-22 20:16:43.053 ServerApp] Replaying 3 buffered messages
[I 2026-09-22 20:17:25.549 ServerApp] Kernel restarted: 7af7f2d7-09b4-4931-a7e9-b28ec6f2b869
[I 2026-09-22 20:17:25.654 ServerApp] Starting buffering for 7af7f2d7-09b4-4931-a7e9-b28ec6f2b869:e8deb0b2-7aca-4ae4-91ea-64fb7c66b449
[I 2026-09-22 20:17:25.798 ServerApp] Connecting to kernel 7af7f2d7-09b4-4931-a7e9-b28ec6f2b869.
[I 2026-09-22 20:17:25.798 ServerApp] Restoring connection for 7af7f2d7-09b4-4931-a7e9-b28ec6f2b869:e8deb0b2-7aca-4ae4-91ea-64fb7c66b449
[I 2026-09-22 20:17:35.434 ServerApp] Kernel restarted: 7af7f2d7-09b4-4931-a7e9-b28ec6f2b869
[I 2026-09-22 20:17:35.506 ServerApp] Starting buffering for 7af7f2d7-09b4-4931-a7e9-b28ec6f2b869:e8deb0b2-7aca-4ae4-91ea-64fb7c66b449
[I 2026-09-22 20:17:35.649 ServerApp] Connecting to kernel 7af7f2d7-09b4-4931-a7e9-b28ec6f2b869.
[I 2026-09-22 20:17:35.649 ServerApp] Restoring connection for 7af7f2d7-09b4-4931-a7e9-b28ec6f2b869:e8deb0b2-7aca-4ae4-91ea-64fb7c66b449
[I 2026-09-22 20:18:12.602 ServerApp] Kernel restarted: 7af7f2d7-09b4-4931-a7e9-b28ec6f2b869
[I 2026-09-22 20:18:12.731 ServerApp] Starting buffering for 7af7f2d7-09b4-4931-a7e9-b28ec6f2b869:e8deb0b2-7aca-4ae4-91ea-64fb7c66b449
[I 2026-09-22 20:18:12.827 ServerApp] Connecting to kernel 7af7f2d7-09b4-4931-a7e9-b28ec6f2b869.
[I 2026-09-22 20:18:12.827 ServerApp] Restoring connection for 7af7f2d7-09b4-4931-a7e9-b28ec6f2b869:e8deb0b2-7aca-4ae4-91ea-64fb7c66b449
[I 2026-09-22 20:18:12.830 ServerApp] Replaying 1 buffered messages
[I 2026-09-22 20:18:35.127 ServerApp] Saving file at /train.ipynb
[W 2026-09-22 20:18:35.149 ServerApp] /home/baris/database_transformer/.~train.ipynb doesn't exist
[I 2026-09-22 20:19:12.776 ServerApp] Kernel restarted: 7af7f2d7-09b4-4931-a7e9-b28ec6f2b869
[I 2026-09-22 20:19:12.981 ServerApp] Starting buffering for 7af7f2d7-09b4-4931-a7e9-b28ec6f2b869:e8deb0b2-7aca-4ae4-91ea-64fb7c66b449
[I 2026-09-22 20:19:13.061 ServerApp] Connecting to kernel 7af7f2d7-09b4-4931-a7e9-b28ec6f2b869.
[I 2026-09-22 20:19:13.061 ServerApp] Restoring connection for 7af7f2d7-09b4-4931-a7e9-b28ec6f2b869:e8deb0b2-7aca-4ae4-91ea-64fb7c66b449
[I 2026-09-22 20:20:35.718 ServerApp] Saving file at /train.ipynb
[I 2026-09-22 20:21:18.705 ServerApp] Kernel restarted: 7af7f2d7-09b4-4931-a7e9-b28ec6f2b869
[I 2026-09-22 20:21:18.870 ServerApp] Starting buffering for 7af7f2d7-09b4-4931-a7e9-b28ec6f2b869:e8deb0b2-7aca-4ae4-91ea-64fb7c66b449
[I 2026-09-22 20:21:18.987 ServerApp] Connecting to kernel 7af7f2d7-09b4-4931-a7e9-b28ec6f2b869.
[I 2026-09-22 20:21:18.987 ServerApp] Restoring connection for 7af7f2d7-09b4-4931-a7e9-b28ec6f2b869:e8deb0b2-7aca-4ae4-91ea-64fb7c66b449
[I 2026-09-22 20:22:36.691 ServerApp] Saving file at /train.ipynb
[I 2026-09-22 20:24:37.338 ServerApp] Saving file at /train.ipynb
[I 2026-09-22 20:25:26.240 ServerApp] Kernel restarted: 7af7f2d7-09b4-4931-a7e9-b28ec6f2b869
[I 2026-09-22 20:25:26.314 ServerApp] Starting buffering for 7af7f2d7-09b4-4931-a7e9-b28ec6f2b869:e8deb0b2-7aca-4ae4-91ea-64fb7c66b449
[I 2026-09-22 20:25:26.456 ServerApp] Connecting to kernel 7af7f2d7-09b4-4931-a7e9-b28ec6f2b869.
[I 2026-09-22 20:25:26.456 ServerApp] Restoring connection for 7af7f2d7-09b4-4931-a7e9-b28ec6f2b869:e8deb0b2-7aca-4ae4-91ea-64fb7c66b449
[I 2026-09-22 20:26:38.448 ServerApp] Saving file at /train.ipynb
[I 2026-09-22 20:26:49.355 ServerApp] Kernel restarted: 7af7f2d7-09b4-4931-a7e9-b28ec6f2b869
[I 2026-09-22 20:26:49.447 ServerApp] Starting buffering for 7af7f2d7-09b4-4931-a7e9-b28ec6f2b869:e8deb0b2-7aca-4ae4-91ea-64fb7c66b449
[I 2026-09-22 20:26:49.637 ServerApp] Connecting to kernel 7af7f2d7-09b4-4931-a7e9-b28ec6f2b869.
[I 2026-09-22 20:26:49.637 ServerApp] Restoring connection for 7af7f2d7-09b4-4931-a7e9-b28ec6f2b869:e8deb0b2-7aca-4ae4-91ea-64fb7c66b449
[I 2026-09-22 20:27:27.026 ServerApp] Kernel restarted: 7af7f2d7-09b4-4931-a7e9-b28ec6f2b869
[I 2026-09-22 20:27:27.098 ServerApp] Starting buffering for 7af7f2d7-09b4-4931-a7e9-b28ec6f2b869:e8deb0b2-7aca-4ae4-91ea-64fb7c66b449
[I 2026-09-22 20:27:27.241 ServerApp] Connecting to kernel 7af7f2d7-09b4-4931-a7e9-b28ec6f2b869.
[I 2026-09-22 20:27:27.241 ServerApp] Restoring connection for 7af7f2d7-09b4-4931-a7e9-b28ec6f2b869:e8deb0b2-7aca-4ae4-91ea-64fb7c66b449
[I 2026-09-22 20:28:39.338 ServerApp] Saving file at /train.ipynb
[I 2026-09-22 20:30:40.263 ServerApp] Saving file at /train.ipynb
[I 2026-09-22 20:35:30.418 ServerApp] Kernel restarted: 7af7f2d7-09b4-4931-a7e9-b28ec6f2b869
[I 2026-09-22 20:35:30.581 ServerApp] Starting buffering for 7af7f2d7-09b4-4931-a7e9-b28ec6f2b869:e8deb0b2-7aca-4ae4-91ea-64fb7c66b449
[I 2026-09-22 20:35:30.728 ServerApp] Connecting to kernel 7af7f2d7-09b4-4931-a7e9-b28ec6f2b869.
[I 2026-09-22 20:35:30.728 ServerApp] Restoring connection for 7af7f2d7-09b4-4931-a7e9-b28ec6f2b869:e8deb0b2-7aca-4ae4-91ea-64fb7c66b449
[I 2026-09-22 20:36:26.589 ServerApp] Kernel restarted: 7af7f2d7-09b4-4931-a7e9-b28ec6f2b869
[I 2026-09-22 20:36:26.668 ServerApp] Starting buffering for 7af7f2d7-09b4-4931-a7e9-b28ec6f2b869:e8deb0b2-7aca-4ae4-91ea-64fb7c66b449
[I 2026-09-22 20:36:26.815 ServerApp] Connecting to kernel 7af7f2d7-09b4-4931-a7e9-b28ec6f2b869.
[I 2026-09-22 20:36:26.815 ServerApp] Restoring connection for 7af7f2d7-09b4-4931-a7e9-b28ec6f2b869:e8deb0b2-7aca-4ae4-91ea-64fb7c66b449
[I 2026-09-22 20:36:26.817 ServerApp] Replaying 1 buffered messages
[I 2026-09-22 20:36:41.338 ServerApp] Saving file at /train.ipynb
[I 2026-09-22 20:36:55.556 ServerApp] Kernel restarted: 7af7f2d7-09b4-4931-a7e9-b28ec6f2b869
[I 2026-09-22 20:36:55.629 ServerApp] Starting buffering for 7af7f2d7-09b4-4931-a7e9-b28ec6f2b869:e8deb0b2-7aca-4ae4-91ea-64fb7c66b449
[I 2026-09-22 20:36:55.776 ServerApp] Connecting to kernel 7af7f2d7-09b4-4931-a7e9-b28ec6f2b869.
[I 2026-09-22 20:36:55.776 ServerApp] Restoring connection for 7af7f2d7-09b4-4931-a7e9-b28ec6f2b869:e8deb0b2-7aca-4ae4-91ea-64fb7c66b449
[I 2026-09-22 20:37:40.319 ServerApp] Kernel restarted: 7af7f2d7-09b4-4931-a7e9-b28ec6f2b869
[I 2026-09-22 20:37:40.399 ServerApp] Starting buffering for 7af7f2d7-09b4-4931-a7e9-b28ec6f2b869:e8deb0b2-7aca-4ae4-91ea-64fb7c66b449
[I 2026-09-22 20:37:40.547 ServerApp] Connecting to kernel 7af7f2d7-09b4-4931-a7e9-b28ec6f2b869.
[I 2026-09-22 20:37:40.547 ServerApp] Restoring connection for 7af7f2d7-09b4-4931-a7e9-b28ec6f2b869:e8deb0b2-7aca-4ae4-91ea-64fb7c66b449
[I 2026-09-22 20:38:41.994 ServerApp] Saving file at /train.ipynb
[I 2026-09-22 20:40:43.727 ServerApp] Saving file at /train.ipynb
TensorFlow installation not found - running with reduced feature set.

NOTE: Using experimental fast data loading logic. To disable, pass
    "--load_fast=false" and report issues on GitHub. More details:
    https://github.com/tensorflow/tensorboard/issues/4784

Serving TensorBoard on localhost; to expose to the network, use a proxy or pass --bind_all
TensorBoard 2.20.0 at http://localhost:8890/ (Press CTRL+C to quit)
[I 2026-09-22 22:03:51.806 ServerApp] Kernel restarted: 7af7f2d7-09b4-4931-a7e9-b28ec6f2b869
[I 2026-09-22 22:03:51.930 ServerApp] Starting buffering for 7af7f2d7-09b4-4931-a7e9-b28ec6f2b869:e8deb0b2-7aca-4ae4-91ea-64fb7c66b449
[I 2026-09-22 22:03:52.028 ServerApp] Connecting to kernel 7af7f2d7-09b4-4931-a7e9-b28ec6f2b869.
[I 2026-09-22 22:03:52.028 ServerApp] Restoring connection for 7af7f2d7-09b4-4931-a7e9-b28ec6f2b869:e8deb0b2-7aca-4ae4-91ea-64fb7c66b449
[I 2026-09-22 22:03:57.850 ServerApp] Kernel restarted: 7af7f2d7-09b4-4931-a7e9-b28ec6f2b869
[I 2026-09-22 22:03:57.925 ServerApp] Starting buffering for 7af7f2d7-09b4-4931-a7e9-b28ec6f2b869:e8deb0b2-7aca-4ae4-91ea-64fb7c66b449
[I 2026-09-22 22:03:58.072 ServerApp] Connecting to kernel 7af7f2d7-09b4-4931-a7e9-b28ec6f2b869.
[I 2026-09-22 22:03:58.072 ServerApp] Restoring connection for 7af7f2d7-09b4-4931-a7e9-b28ec6f2b869:e8deb0b2-7aca-4ae4-91ea-64fb7c66b449
[I 2026-09-22 22:05:05.854 ServerApp] Saving file at /train.ipynb
[I 2026-09-22 22:07:07.405 ServerApp] Saving file at /train.ipynb
[W 2026-09-22 23:06:58.074 ServerApp] WebSocket ping timeout after 119884 ms.
[W 2026-09-22 23:06:58.528 ServerApp] 
[W 2026-09-22 23:06:59.187 ServerApp] 
[W 2026-09-22 23:06:59.851 ServerApp] 
[W 2026-09-22 23:07:00.511 ServerApp] 
[W 2026-09-22 23:07:01.175 ServerApp] 
[W 2026-09-22 23:07:01.834 ServerApp] 
[W 2026-09-22 23:07:02.496 ServerApp] 
[I 2026-09-22 23:07:03.076 ServerApp] Starting buffering for 7af7f2d7-09b4-4931-a7e9-b28ec6f2b869:e8deb0b2-7aca-4ae4-91ea-64fb7c66b449
[I 2026-09-23 03:14:48.785 ServerApp] 302 GET / (@::1) 0.21ms
[I 2026-09-23 03:14:51.167 ServerApp] Connecting to kernel 7af7f2d7-09b4-4931-a7e9-b28ec6f2b869.
[I 2026-09-23 03:14:51.178 ServerApp] Discarding 22385 buffered messages for 7af7f2d7-09b4-4931-a7e9-b28ec6f2b869:e8deb0b2-7aca-4ae4-91ea-64fb7c66b449
[I 2026-09-23 03:14:52.097 ServerApp] Starting buffering for 7af7f2d7-09b4-4931-a7e9-b28ec6f2b869:a97b4a27-f607-4735-881d-f114eecb9e8f
[I 2026-09-23 03:14:52.314 ServerApp] Connecting to kernel 7af7f2d7-09b4-4931-a7e9-b28ec6f2b869.
[I 2026-09-23 03:14:52.314 ServerApp] Restoring connection for 7af7f2d7-09b4-4931-a7e9-b28ec6f2b869:a97b4a27-f607-4735-881d-f114eecb9e8f
[I 2026-09-23 03:14:52.770 ServerApp] Starting buffering for 7af7f2d7-09b4-4931-a7e9-b28ec6f2b869:a97b4a27-f607-4735-881d-f114eecb9e8f
[I 2026-09-23 15:11:29.047 ServerApp] 302 GET / (@::1) 1.91ms
[I 2026-09-23 15:11:31.087 ServerApp] Connecting to kernel 7af7f2d7-09b4-4931-a7e9-b28ec6f2b869.
[I 2026-09-23 15:11:31.096 ServerApp] Discarding 64718 buffered messages for 7af7f2d7-09b4-4931-a7e9-b28ec6f2b869:a97b4a27-f607-4735-881d-f114eecb9e8f
[I 2026-09-23 15:11:36.826 ServerApp] Connecting to kernel 7af7f2d7-09b4-4931-a7e9-b28ec6f2b869.
[I 2026-09-23 15:11:37.454 ServerApp] Kernel started: fcf7d8b1-8958-4364-b3fc-13602c8794c1
[I 2026-09-23 15:11:38.429 ServerApp] Connecting to kernel fcf7d8b1-8958-4364-b3fc-13602c8794c1.
[I 2026-09-23 15:11:38.651 ServerApp] Starting buffering for fcf7d8b1-8958-4364-b3fc-13602c8794c1:ae8b4dca-9f88-43e8-b420-98e53f2d9bd2
[I 2026-09-23 15:11:38.652 ServerApp] Connecting to kernel fcf7d8b1-8958-4364-b3fc-13602c8794c1.
[I 2026-09-23 15:11:38.813 ServerApp] Connecting to kernel fcf7d8b1-8958-4364-b3fc-13602c8794c1.
[I 2026-09-23 15:11:41.657 ServerApp] Connecting to kernel fcf7d8b1-8958-4364-b3fc-13602c8794c1.
[I 2026-09-23 15:13:37.320 ServerApp] Saving file at /Untitled.ipynb
[I 2026-09-23 15:14:09.438 ServerApp] Kernel interrupted: fcf7d8b1-8958-4364-b3fc-13602c8794c1
[I 2026-09-23 15:15:38.074 ServerApp] Saving file at /Untitled.ipynb
[I 2026-09-23 15:17:38.926 ServerApp] Saving file at /Untitled.ipynb
[I 2026-09-23 15:19:39.626 ServerApp] Saving file at /Untitled.ipynb
[I 2026-09-23 15:21:03.282 ServerApp] Kernel restarted: fcf7d8b1-8958-4364-b3fc-13602c8794c1
[I 2026-09-23 15:21:03.471 ServerApp] Starting buffering for fcf7d8b1-8958-4364-b3fc-13602c8794c1:c05580f4-fe88-4e9a-a602-1ded7c432062
[I 2026-09-23 15:21:03.632 ServerApp] Connecting to kernel fcf7d8b1-8958-4364-b3fc-13602c8794c1.
[I 2026-09-23 15:21:03.632 ServerApp] Restoring connection for fcf7d8b1-8958-4364-b3fc-13602c8794c1:c05580f4-fe88-4e9a-a602-1ded7c432062
[W 2026-09-23 15:21:08.146 ServerApp] Nudge: attempt 10 on kernel fcf7d8b1-8958-4364-b3fc-13602c8794c1
[I 2026-09-23 15:21:39.933 ServerApp] Saving file at /Untitled.ipynb
[I 2026-09-23 15:23:40.192 ServerApp] Saving file at /Untitled.ipynb
[I 2026-09-23 15:25:40.578 ServerApp] Saving file at /Untitled.ipynb
[I 2026-09-23 15:27:40.967 ServerApp] Saving file at /Untitled.ipynb
[I 2026-09-23 15:29:41.433 ServerApp] Saving file at /Untitled.ipynb
[I 2026-09-23 15:31:41.990 ServerApp] Saving file at /Untitled.ipynb
[I 2026-09-23 15:33:42.742 ServerApp] Saving file at /Untitled.ipynb
[I 2026-09-23 15:35:43.195 ServerApp] Saving file at /Untitled.ipynb
[I 2026-09-23 15:37:43.768 ServerApp] Saving file at /Untitled.ipynb
[I 2026-09-23 15:39:44.335 ServerApp] Saving file at /Untitled.ipynb
[I 2026-09-23 15:41:44.942 ServerApp] Saving file at /Untitled.ipynb
[I 2026-09-23 15:43:45.329 ServerApp] Saving file at /Untitled.ipynb
[I 2026-09-23 15:45:45.752 ServerApp] Saving file at /Untitled.ipynb
[I 2026-09-23 15:47:46.858 ServerApp] Saving file at /Untitled.ipynb
[I 2026-09-23 15:49:48.157 ServerApp] Saving file at /Untitled.ipynb
[I 2026-09-23 15:51:48.644 ServerApp] Saving file at /Untitled.ipynb
[I 2026-09-23 15:53:49.151 ServerApp] Saving file at /Untitled.ipynb
[I 2026-09-23 15:54:36.876 ServerApp] Saving file at /Untitled.ipynb
[I 2026-09-23 15:56:37.426 ServerApp] Saving file at /Untitled.ipynb
[I 2026-09-23 15:58:38.024 ServerApp] Saving file at /Untitled.ipynb
[I 2026-09-23 16:32:14.201 ServerApp] Starting buffering for fcf7d8b1-8958-4364-b3fc-13602c8794c1:c05580f4-fe88-4e9a-a602-1ded7c432062
[I 2026-09-23 16:32:14.206 ServerApp] Starting buffering for 7af7f2d7-09b4-4931-a7e9-b28ec6f2b869:fbe02481-8e34-495e-85ed-903961ee5933
[I 2026-09-23 19:49:04.787 ServerApp] 302 GET / (@::1) 2.47ms
[I 2026-09-23 19:49:06.911 ServerApp] Connecting to kernel 7af7f2d7-09b4-4931-a7e9-b28ec6f2b869.
[I 2026-09-23 19:49:06.921 ServerApp] Discarding 17622 buffered messages for 7af7f2d7-09b4-4931-a7e9-b28ec6f2b869:fbe02481-8e34-495e-85ed-903961ee5933
[I 2026-09-23 19:49:07.179 ServerApp] Connecting to kernel fcf7d8b1-8958-4364-b3fc-13602c8794c1.
[I 2026-09-23 19:49:07.397 ServerApp] Starting buffering for fcf7d8b1-8958-4364-b3fc-13602c8794c1:0c4c3774-d54d-491c-9d97-cc6e2ec9b43d
[I 2026-09-23 19:49:14.804 ServerApp] Connecting to kernel fcf7d8b1-8958-4364-b3fc-13602c8794c1.
[I 2026-09-23 19:49:15.770 ServerApp] Starting buffering for fcf7d8b1-8958-4364-b3fc-13602c8794c1:9e2bb164-8ce7-4389-80dc-f48f3e837b45
[I 2026-09-23 19:49:15.834 ServerApp] Connecting to kernel fcf7d8b1-8958-4364-b3fc-13602c8794c1.
[I 2026-09-23 19:49:16.133 ServerApp] Starting buffering for fcf7d8b1-8958-4364-b3fc-13602c8794c1:1e7d2a22-95b8-4c73-b3d4-432d8bf15191
[I 2026-09-23 19:49:16.353 ServerApp] Connecting to kernel fcf7d8b1-8958-4364-b3fc-13602c8794c1.
[I 2026-09-23 19:49:16.839 ServerApp] Kernel started: f0a19386-bb67-416b-ab0b-2e3ecddab437
[I 2026-09-23 19:49:17.893 ServerApp] Connecting to kernel f0a19386-bb67-416b-ab0b-2e3ecddab437.
[I 2026-09-23 19:49:18.116 ServerApp] Connecting to kernel f0a19386-bb67-416b-ab0b-2e3ecddab437.
[I 2026-09-23 19:49:26.471 ServerApp] Connecting to kernel f0a19386-bb67-416b-ab0b-2e3ecddab437.
[I 2026-09-23 19:59:04.538 ServerApp] Connecting to kernel f0a19386-bb67-416b-ab0b-2e3ecddab437.
[I 2026-09-23 19:59:17.602 ServerApp] Saving file at /Untitled.ipynb
[I 2026-09-23 20:01:18.343 ServerApp] Saving file at /Untitled.ipynb
[I 2026-09-23 20:03:18.971 ServerApp] Saving file at /Untitled.ipynb
[I 2026-09-23 20:04:47.437 ServerApp] Saving file at /Untitled.ipynb
[I 2026-09-23 20:06:48.591 ServerApp] Saving file at /Untitled.ipynb
[I 2026-09-23 20:08:50.016 ServerApp] Saving file at /Untitled.ipynb
[I 2026-09-23 20:24:51.939 ServerApp] Saving file at /Untitled.ipynb
[I 2026-09-23 20:26:53.158 ServerApp] Saving file at /Untitled.ipynb
[I 2026-09-23 20:30:11.856 ServerApp] Starting buffering for f0a19386-bb67-416b-ab0b-2e3ecddab437:e26ccfd3-e6b1-4bc2-ad98-1a0e418c60b1
[I 2026-09-23 20:30:54.146 ServerApp] Saving file at /Untitled.ipynb
[I 2026-09-23 20:32:54.666 ServerApp] Saving file at /Untitled.ipynb
[I 2026-09-23 20:34:55.657 ServerApp] Saving file at /Untitled.ipynb
[I 2026-09-23 20:42:56.118 ServerApp] Saving file at /Untitled.ipynb
[I 2026-09-23 20:44:57.298 ServerApp] Saving file at /Untitled.ipynb
[I 2026-09-23 20:48:58.653 ServerApp] Saving file at /Untitled.ipynb
[I 2026-09-23 20:51:00.305 ServerApp] Saving file at /Untitled.ipynb
[I 2026-09-23 20:53:01.360 ServerApp] Saving file at /Untitled.ipynb
[I 2026-09-23 20:55:03.207 ServerApp] Saving file at /Untitled.ipynb
[I 2026-09-23 21:03:05.369 ServerApp] Saving file at /Untitled.ipynb
[I 2026-09-23 21:43:11.700 ServerApp] Saving file at /Untitled.ipynb
[W 2026-09-23 21:43:11.726 ServerApp] /home/baris/database_transformer/.~Untitled.ipynb doesn't exist
[I 2026-09-23 21:44:41.230 ServerApp] Connecting to kernel 7af7f2d7-09b4-4931-a7e9-b28ec6f2b869.
[I 2026-09-23 21:44:41.468 ServerApp] Connecting to kernel fcf7d8b1-8958-4364-b3fc-13602c8794c1.
[I 2026-09-23 21:44:41.923 ServerApp] Connecting to kernel f0a19386-bb67-416b-ab0b-2e3ecddab437.
[I 2026-09-23 21:44:42.360 ServerApp] Starting buffering for f0a19386-bb67-416b-ab0b-2e3ecddab437:97a7f9ca-d5b8-4974-a632-2e2edcbac0ea
[I 2026-09-23 21:44:42.520 ServerApp] Connecting to kernel f0a19386-bb67-416b-ab0b-2e3ecddab437.
[I 2026-09-23 21:44:51.240 ServerApp] Starting buffering for f0a19386-bb67-416b-ab0b-2e3ecddab437:51df38b0-013a-4478-bdf9-f8d6a8f61de9
[I 2026-09-23 21:45:13.212 ServerApp] Saving file at /Untitled.ipynb
[I 2026-09-23 21:45:18.088 ServerApp] Connecting to kernel f0a19386-bb67-416b-ab0b-2e3ecddab437.
[I 2026-09-23 21:45:18.586 ServerApp] Starting buffering for f0a19386-bb67-416b-ab0b-2e3ecddab437:db728608-a147-4d95-8d32-a87842a6bbf5
[I 2026-09-23 21:45:19.666 ServerApp] Connecting to kernel f0a19386-bb67-416b-ab0b-2e3ecddab437.
[I 2026-09-23 21:47:14.313 ServerApp] Saving file at /Untitled.ipynb
[I 2026-09-23 21:49:15.123 ServerApp] Saving file at /Untitled.ipynb
[W 2026-09-23 21:49:15.150 ServerApp] /home/baris/database_transformer/.~Untitled.ipynb doesn't exist
[I 2026-09-23 21:51:16.741 ServerApp] Saving file at /Untitled.ipynb
[I 2026-09-23 21:53:18.098 ServerApp] Saving file at /Untitled.ipynb
[I 2026-09-23 22:01:19.140 ServerApp] Saving file at /Untitled.ipynb
[I 2026-09-23 22:33:24.493 ServerApp] Saving file at /Untitled.ipynb
[I 2026-09-23 23:03:31.827 ServerApp] Saving file at /Untitled.ipynb
[I 2026-09-23 23:05:33.359 ServerApp] Saving file at /Untitled.ipynb
[I 2026-09-24 00:44:18.027 ServerApp] Starting buffering for 7af7f2d7-09b4-4931-a7e9-b28ec6f2b869:fff153ef-5c63-4462-bd19-6b751c06e640
[I 2026-09-24 00:44:19.414 ServerApp] Starting buffering for f0a19386-bb67-416b-ab0b-2e3ecddab437:846b308d-89d5-4005-a029-c5667d5fd341
[I 2026-09-24 00:44:20.863 ServerApp] Starting buffering for fcf7d8b1-8958-4364-b3fc-13602c8794c1:8980a6fa-dccc-4dc8-a9cb-3333a0c414ae
